,Id,Company,TypeName,Inches,Screen Resolution,Cpu,Ram,Memory,Gpu,OpSys,Weight,Price
,0,Apple,Ultrabook,13.3,IPS Panel Retina Display 2560x1600,Intel Core i5 2.3GHz,8GB,128GB SSD,Intel Iris Plus Graphics 640,macOS,1.37kg,71378.6832
,1,Apple,Ultrabook,13.3,1440x900,Intel Core i5 1.8GHz,8GB,128GB Flash Storage,Intel HD Graphics 6000,macOS,1.34kg,47895.5232
,2,HP,Notebook,15.6,Full HD 1920x1080,Intel Core i5 7200U 2.5GHz,8GB,256GB SSD,Intel HD Graphics 620,No OS,1.86kg,30636
,3,Apple,Ultrabook,15.4,IPS Panel Retina Display 2880x1800,Intel Core i7 2.7GHz,16GB,512GB SSD,AMD Radeon Pro 455,macOS,1.83kg,135195.336
,4,Apple,Ultrabook,13.3,IPS Panel Retina Display 2560x1600,Intel Core i5 3.1GHz,8GB,256GB SSD,Intel Iris Plus Graphics 650,macOS,1.37kg,96095.808
,5,Acer,Notebook,15.6,1366x768,AMD A9-Series 9420 3GHz,4GB,500GB HDD,AMD Radeon R5,Windows 10,2.1kg,21312
,6,Apple,Ultrabook,15.4,IPS Panel Retina Display 2880x1800,Intel Core i7 2.2GHz,16GB,256GB Flash Storage,Intel Iris Pro Graphics,Mac OS X,2.04kg,114017.6016
,7,Apple,Ultrabook,13.3,1440x900,Intel Core i5 1.8GHz,8GB,256GB Flash Storage,Intel HD Graphics 6000,macOS,1.34kg,61735.536
,8,Asus,Ultrabook,14,Full HD 1920x1080,Intel Core i7 8550U 1.8GHz,16GB,512GB SSD,Nvidia GeForce MX150,Windows 10,1.3kg,79653.6
,9,Acer,Ultrabook,14,IPS Panel Full HD 1920x1080,Intel Core i5 8250U 1.6GHz,8GB,256GB SSD,Intel UHD Graphics 620,Windows 10,1.6kg,41025.6
,10,HP,Notebook,15.6,1366x768,Intel Core i5 7200U 2.5GHz,4GB,500GB HDD,Intel HD Graphics 620,No OS,1.86kg,20986.992
,11,HP,Notebook,15.6,Full HD 1920x1080,Intel Core i3 6006U 2GHz,4GB,500GB HDD,Intel HD Graphics 520,No OS,1.86kg,18381.0672
,12,Apple,Ultrabook,15.4,IPS Panel Retina Display 2880x1800,Intel Core i7 2.8GHz,16GB,256GB SSD,AMD Radeon Pro 555,macOS,1.83kg,130001.6016
,13,Dell,Notebook,15.6,Full HD 1920x1080,Intel Core i3 6006U 2GHz,4GB,256GB SSD,AMD Radeon R5 M430,Windows 10,2.2kg,26581.392
,14,Apple,Ultrabook,12,IPS Panel Retina Display 2304x1440,Intel Core M m3 1.2GHz,8GB,256GB SSD,Intel HD Graphics 615,macOS,0.92kg,67260.672
,15,Apple,Ultrabook,13.3,IPS Panel Retina Display 2560x1600,Intel Core i5 2.3GHz,8GB,256GB SSD,Intel Iris Plus Graphics 640,macOS,1.37kg,80908.344
,16,Dell,Notebook,15.6,Full HD 1920x1080,Intel Core i7 7500U 2.7GHz,8GB,256GB SSD,AMD Radeon R5 M430,Windows 10,2.2kg,39693.6
,17,Apple,Ultrabook,15.4,IPS Panel Retina Display 2880x1800,Intel Core i7 2.9GHz,16GB,512GB SSD,AMD Radeon Pro 560,macOS,1.83kg,152274.24
,18,Lenovo,Notebook,15.6,Full HD 1920x1080,Intel Core i3 7100U 2.4GHz,8GB,1TB HDD,Nvidia GeForce 940MX,No OS,2.2kg,26586.72
,19,Dell,Ultrabook,13.3,IPS Panel Full HD / Touchscreen 1920x1080,Intel Core i5 8250U 1.6GHz,8GB,128GB SSD,Intel UHD Graphics 620,Windows 10,1.22kg,52161.12
,20,Asus,Netbook,11.6,1366x768,Intel Atom x5-Z8350 1.44GHz,2GB,32GB Flash Storage,Intel HD Graphics 400,Windows 10,0.98kg,10224.432
,21,Lenovo,Gaming,15.6,IPS Panel Full HD 1920x1080,Intel Core i5 7300HQ 2.5GHz,8GB,128GB SSD + 1TB HDD,Nvidia GeForce GTX 1050,Windows 10,2.5kg,53226.72
,22,HP,Notebook,15.6,1366x768,AMD E-Series E2-9000e 1.5GHz,4GB,500GB HDD,AMD Radeon R2,No OS,1.86kg,13746.24
,23,Dell,2 in 1 Convertible,13.3,Full HD / Touchscreen 1920x1080,Intel Core i5 8250U 1.6GHz,8GB,256GB SSD,Intel UHD Graphics 620,Windows 10,1.62kg,43636.32
,24,HP,Ultrabook,15.6,Full HD 1920x1080,Intel Core i7 8550U 1.8GHz,8GB,256GB SSD,Intel HD Graphics 620,Windows 10,1.91kg,35111.52
,25,Dell,Notebook,15.6,1366x768,Intel Core i3 6006U 2GHz,4GB,1TB HDD,Intel HD Graphics 520,Windows 10,2.3kg,22305.1392
,26,Apple,Ultrabook,13.3,1440x900,Intel Core i5 1.6GHz,8GB,128GB Flash Storage,Intel HD Graphics 6000,Mac OS X,1.35kg,58554.72
,27,Dell,Notebook,15.6,Full HD 1920x1080,Intel Core i5 8250U 1.6GHz,8GB,256GB SSD,AMD Radeon 530,Windows 10,2.2kg,42624
,28,Dell,Ultrabook,15.6,Full HD 1920x1080,Intel Core i7 8650U 1.9GHz,8GB,256GB SSD + 256GB SSD,Intel UHD Graphics 620,Windows 10,1.88kg,69157.44
,29,HP,Notebook,17.3,Full HD 1920x1080,Intel Core i5 8250U 1.6GHz,8GB,1TB HDD,Nvidia GeForce 930MX,Windows 10,2.5kg,47738.88
,30,Chuwi,Notebook,15.6,Full HD 1920x1080,Intel Atom x5-Z8300 1.44GHz,4GB,64GB Flash Storage,Intel HD Graphics,Windows 10,1.89kg,13053.0672
,31,Asus,Notebook,14,1366x768,AMD E-Series E2-6110 1.5GHz,2GB,32GB Flash Storage,AMD Radeon R2,Windows 10,1.65kg,10602.72
,32,HP,Notebook,17.3,Full HD 1920x1080,AMD A6-Series 9220 2.5GHz,4GB,500GB HDD,AMD Radeon 530,Windows 10,2.71kg,23389.92
,33,Dell,Ultrabook,13.3,Touchscreen / Quad HD+ 3200x1800,Intel Core i7 8550U 1.8GHz,16GB,512GB SSD,Intel UHD Graphics 620,Windows 10,1.2kg,99580.32
,34,Apple,Ultrabook,13.3,1440x900,Intel Core i5 1.6GHz,8GB,256GB Flash Storage,Intel HD Graphics 6000,Mac OS X,1.35kg,53173.44
,35,Lenovo,Notebook,14,1366x768,Intel Celeron Dual Core N3350 1.1GHz,4GB,64GB Flash Storage,Intel HD Graphics 500,Windows 10,1.44kg,13266.72
,36,Acer,Notebook,15.6,1366x768,Intel Core i3 7130U 2.7GHz,4GB,1TB HDD,Intel HD Graphics 620,Linux,2.1kg,19553.76
,37,Dell,Notebook,17.3,IPS Panel Full HD 1920x1080,Intel Core i5 8250U 1.6GHz,8GB,128GB SSD + 1TB HDD,AMD Radeon 530,Windows 10,2.8kg,52161.12
,38,HP,Notebook,15.6,1366x768,Intel Core i5 7200U 2.5GHz,4GB,1TB HDD,Intel HD Graphics 620,Windows 10,1.86kg,26037.4032
,39,HP,Notebook,15.6,Full HD 1920x1080,Intel Core i5 8250U 1.6GHz,8GB,256GB SSD,Nvidia GeForce 930MX,Windows 10,2.1kg,46833.12
,40,Asus,Notebook,15.6,Full HD 1920x1080,Intel Core i3 6006U 2GHz,4GB,1TB HDD,Intel HD Graphics 620,Linux,2kg,20725.92
,41,Dell,Gaming,15.6,IPS Panel Full HD 1920x1080,Intel Core i7 7700HQ 2.8GHz,16GB,256GB SSD + 1TB HDD,Nvidia GeForce GTX 1060,Windows 10,2.65kg,79866.72
,42,Asus,Notebook,15.6,1366x768,Intel Core i5 7200U 2.5GHz,8GB,1TB HDD,Nvidia GeForce 940MX,Linux,2.3kg,27864.9072
,43,Acer,Notebook,15.6,IPS Panel Full HD 1920x1080,Intel Core i5 8250U 1.6GHz,4GB,256GB SSD,Intel UHD Graphics 620,Windows 10,2.2kg,36336.96
,44,Dell,2 in 1 Convertible,17.3,Full HD / Touchscreen 1920x1080,Intel Core i5 8250U 1.6GHz,12GB,1TB HDD,Nvidia GeForce 150MX,Windows 10,2.77kg,53226.72
,45,Apple,Ultrabook,13.3,IPS Panel Retina Display 2560x1600,Intel Core i5 2.0GHz,8GB,256GB SSD,Intel Iris Graphics 540,macOS,1.37kg,75604.32
,46,Lenovo,Notebook,15.6,1366x768,Intel Core i3 6006U 2GHz,4GB,128GB SSD,Intel HD Graphics 520,No OS,2.2kg,19660.32
,47,Asus,Gaming,17.3,Full HD 1920x1080,AMD Ryzen 1700 3GHz,8GB,256GB SSD + 1TB HDD,AMD Radeon RX 580,Windows 10,3.2kg,69210.72
,48,Dell,Notebook,15.6,Full HD 1920x1080,Intel Core i5 7200U 2.5GHz,4GB,256GB SSD,AMD Radeon R5 M430,Windows 10,2.3kg,34045.92
,49,Asus,Notebook,17.3,1366x768,Intel Pentium Quad Core N4200 1.1GHz,4GB,1TB HDD,Nvidia GeForce 920MX,Windows 10,2.8kg,24828.48
,50,Lenovo,2 in 1 Convertible,10.1,IPS Panel Touchscreen 1920x1200,Intel Atom x5-Z8550 1.44GHz,4GB,64GB Flash Storage,Intel HD Graphics 400,Android,0.69kg,16996.32
,51,Acer,Notebook,15.6,IPS Panel Full HD 1920x1080,Intel Core i7 8550U 1.8GHz,8GB,256GB SSD,Nvidia GeForce MX150,Windows 10,2.2kg,44808.48
,52,HP,Notebook,15.6,Full HD 1920x1080,AMD A6-Series 9220 2.5GHz,4GB,256GB SSD,AMD Radeon R4 Graphics,Windows 10,1.86kg,21231.5472
,53,HP,Notebook,13.3,Full HD 1920x1080,Intel Core i7 8550U 1.8GHz,8GB,512GB SSD,Intel UHD Graphics 620,Windows 10,1.49kg,58767.84
,54,Acer,Notebook,15.6,1366x768,Intel Core i3 7100U 2.4GHz,4GB,1TB HDD,Intel HD Graphics 620,Windows 10,2.4kg,20459.52
,55,Dell,Notebook,15.6,Full HD 1920x1080,Intel Core i7 8550U 1.8GHz,8GB,256GB SSD,AMD Radeon 520,Windows 10,2.13kg,40908.384
,56,HP,Notebook,15.6,Full HD 1920x1080,Intel Core i3 6006U 2GHz,4GB,128GB SSD,Intel HD Graphics 520,Windows 10,1.91kg,23389.92
,57,Asus,Notebook,15.6,1366x768,Intel Core i5 7200U 2.5GHz,4GB,256GB SSD,Intel HD Graphics 620,Windows 10,2kg,31232.2032
,58,MSI,Gaming,17.3,Full HD 1920x1080,Intel Core i7 7700HQ 2.8GHz,16GB,256GB SSD + 2TB HDD,Nvidia GeForce GTX 1070,Windows 10,2.43kg,130482.72
,59,Asus,Notebook,15.6,Full HD 1920x1080,Intel Core i3 6006U 2GHz,4GB,256GB SSD,Intel HD Graphics 520,Linux,2kg,22111.2
,60,Dell,Notebook,17.3,Full HD 1920x1080,Intel Core i7 8550U 1.8GHz,16GB,256GB SSD + 2TB HDD,AMD Radeon 530,Windows 10,2.8kg,69210.72
,61,Dell,Ultrabook,14,Full HD 1920x1080,Intel Core i5 8250U 1.6GHz,8GB,256GB SSD,Intel UHD Graphics 620,Windows 10,1.7kg,46833.12
,62,Lenovo,Notebook,14,IPS Panel Full HD 1920x1080,Intel Core i3 7130U 2.7GHz,8GB,256GB SSD,Intel HD Graphics 620,No OS,1.7kg,31914.72
,63,Asus,Notebook,14,Full HD 1920x1080,Intel Core i5 8250U 1.6GHz,8GB,256GB SSD,Intel UHD Graphics 620,Windows 10,1.4kg,50136.48
,64,HP,Notebook,15.6,Full HD 1920x1080,Intel Core i5 7200U 2.5GHz,8GB,256GB SSD,Intel HD Graphics 620,Windows 10,1.86kg,36763.2
,65,Asus,Ultrabook,15.6,Full HD 1920x1080,Intel Core i7 7700HQ 2.8GHz,16GB,512GB SSD,Nvidia GeForce GTX 1050 Ti,Windows 10,1.8kg,105654.24
,66,HP,Notebook,15.6,1366x768,Intel Core i3 6006U 2GHz,4GB,500GB HDD,AMD Radeon 520,Windows 10,1.86kg,23373.4032
,67,HP,Notebook,14,1366x768,Intel Celeron Dual Core N3060 1.6GHz,4GB,32GB SSD,Intel HD Graphics 400,Windows 10,1.44kg,12201.12
,68,Lenovo,Notebook,15.6,Full HD 1920x1080,Intel Core i5 7200U 2.5GHz,4GB,1TB HDD,Intel HD Graphics 620,Windows 10,1.9kg,29250.72
,69,Asus,Gaming,17.3,Full HD 1920x1080,Intel Core i7 7700HQ 2.8GHz,12GB,1TB HDD,Nvidia GeForce GTX 1050 Ti,Linux,3kg,50562.72
,70,Microsoft,Ultrabook,13.5,Touchscreen 2256x1504,Intel Core i5 7200U 2.5GHz,4GB,128GB SSD,Intel HD Graphics 620,Windows 10 S,1.252kg,58021.92
,71,Dell,Ultrabook,13.3,IPS Panel Full HD 1920x1080,Intel Core i7 8550U 1.8GHz,8GB,256GB SSD,AMD Radeon 530,Windows 10,1.4kg,50882.4
,72,Dell,Notebook,15.6,Full HD 1920x1080,Intel Core i7 8550U 1.8GHz,8GB,256GB SSD,AMD Radeon 530,Windows 10,2.2kg,46353.6
,73,MSI,Gaming,17.3,Full HD 1920x1080,Intel Core i5 7300HQ 2.5GHz,8GB,128GB SSD + 1TB HDD,Nvidia GeForce GTX 1050,Windows 10,2.7kg,58341.6
,74,Acer,Notebook,14,1366x768,Intel Core i3 6006U 2GHz,8GB,1TB HDD,Intel HD Graphics 520,Windows 10,2.1kg,20725.92
,75,Asus,Gaming,15.6,Full HD 1920x1080,Intel Core i7 7700HQ 2.8GHz,8GB,1TB HDD,Nvidia GeForce GTX 1050,Windows 10,2.2kg,50562.72
,76,Lenovo,Notebook,15.6,Full HD 1920x1080,Intel Core i5 7200U 2.5GHz,8GB,2TB HDD,Intel HD Graphics 620,No OS,2.2kg,27652.32
,77,Dell,Notebook,15.6,Full HD 1920x1080,Intel Core i7 8550U 1.8GHz,8GB,128GB SSD + 1TB HDD,Intel UHD Graphics 620,Windows 10,2.02kg,45554.4
,78,Acer,Notebook,15.6,Full HD 1920x1080,Intel Core i3 7130U 2.7GHz,4GB,1TB HDD,Nvidia GeForce MX130,Windows 10,2.2kg,28238.4
,79,HP,Notebook,17.3,Full HD 1920x1080,Intel Core i5 8250U 1.6GHz,8GB,128GB SSD + 1TB HDD,Nvidia GeForce 930MX,Windows 10,2.5kg,52054.56
,80,Dell,Ultrabook,15.6,IPS Panel Full HD 1920x1080,Intel Core i5 8250U 1.6GHz,8GB,256GB SSD,Intel UHD Graphics 620,Windows 10,1.88kg,58403.4048
,81,Apple,Ultrabook,12,IPS Panel Retina Display 2304x1440,Intel Core i5 1.3GHz,8GB,512GB SSD,Intel HD Graphics 615,macOS,0.92kg,80452.8
,82,HP,Notebook,14,Full HD 1920x1080,Intel Core i5 8250U 1.6GHz,8GB,256GB SSD,Intel HD Graphics 620,Windows 10,1.63kg,45820.8
,83,Lenovo,Notebook,15.6,Full HD 1920x1080,AMD A6-Series 9220 2.5GHz,4GB,128GB SSD,AMD R4 Graphics,Windows 10,2.2kg,21258.72
,84,Acer,Notebook,15.6,1366x768,AMD A9-Series 9420 3GHz,4GB,1TB HDD,AMD Radeon R5,Windows 10,2.1kg,21045.6
,85,Dell,Gaming,15.6,IPS Panel Full HD 1920x1080,Intel Core i7 7700HQ 2.8GHz,16GB,128GB SSD + 1TB HDD,Nvidia GeForce GTX 1050 Ti,Windows 10,2.65kg,71874.72
,86,HP,Ultrabook,15.6,IPS Panel Full HD 1920x1080,Intel Core i7 8550U 1.8GHz,8GB,256GB SSD,Nvidia GeForce GTX 940MX,Windows 10,1.83kg,37242.72
,87,HP,Notebook,15.6,Full HD 1920x1080,Intel Core i5 7200U 2.5GHz,8GB,256GB SSD,Intel HD Graphics 620,Windows 10,1.96kg,31914.1872
,88,Asus,Gaming,15.6,IPS Panel Full HD 1920x1080,Intel Core i7 7700HQ 2.8GHz,16GB,128GB SSD + 1TB HDD,Nvidia GeForce GTX 1060,Windows 10,2.2kg,77202.72
,89,Dell,Ultrabook,13.3,IPS Panel Full HD 1920x1080,Intel Core i7 8550U 1.8GHz,8GB,256GB SSD,Intel UHD Graphics 620,Windows 10,1.21kg,87858.72
,90,Asus,Gaming,15.6,Full HD 1920x1080,AMD FX 9830P 3GHz,8GB,1TB HDD,AMD Radeon RX 560,Windows 10,2.45kg,37242.72
,91,Acer,Notebook,15.6,Full HD 1920x1080,Intel Core i7 8550U 1.8GHz,8GB,1TB HDD,Nvidia GeForce MX150,Windows 10,2.2kg,36709.92
,92,HP,Notebook,13.3,Full HD 1920x1080,Intel Core i7 8550U 1.8GHz,16GB,512GB SSD,Intel UHD Graphics 620,Windows 10,1.49kg,63776.16
,93,Dell,Gaming,15.6,Full HD 1920x1080,Intel Core i5 7300HQ 2.5GHz,8GB,256GB SSD,Nvidia GeForce GTX 1060,Windows 10,2.65kg,63669.6
,94,Asus,Ultrabook,14,Full HD 1920x1080,Intel Core i7 7500U 2.7GHz,8GB,256GB SSD,Intel HD Graphics 620,Windows 10,1.25kg,55890.72
,95,Acer,2 in 1 Convertible,13.3,IPS Panel Full HD / Touchscreen 1920x1080,Intel Core i5 8250U 1.6GHz,8GB,256GB SSD,Intel UHD Graphics 620,Windows 10,1.5kg,45128.16
,96,Dell,Notebook,15.6,Full HD 1920x1080,Intel Core i7 7500U 2.7GHz,8GB,1TB HDD,AMD Radeon R5 M430,Linux,2.2kg,31962.672
,97,Dell,Notebook,15.6,Full HD 1920x1080,Intel Core i3 6006U 2GHz,4GB,256GB SSD,AMD Radeon R5 M430,Linux,2.2kg,25840.8
,98,Asus,Notebook,15.6,Full HD 1920x1080,Intel Core i3 7100U 2.4GHz,6GB,256GB SSD,Nvidia GeForce 920M,Windows 10,2kg,30742.56
,99,HP,Gaming,15.6,IPS Panel Full HD 1920x1080,Intel Core i7 7700HQ 2.8GHz,12GB,128GB SSD + 1TB HDD,Nvidia GeForce GTX 1050,Windows 10,2.62kg,66546.72
,100,HP,Notebook,15.6,Full HD 1920x1080,Intel Core i7 7500U 2.7GHz,8GB,256GB SSD,AMD Radeon 530,Windows 10,1.91kg,38308.32
,101,HP,Notebook,15.6,Full HD 1920x1080,AMD E-Series E2-9000e 1.5GHz,4GB,500GB HDD,AMD Radeon R2,Windows 10,2.1kg,18594.72
,102,Dell,Notebook,15.6,Full HD 1920x1080,Intel Core i5 8250U 1.6GHz,8GB,1TB HDD,AMD Radeon 520,Linux,2.2kg,34472.16
,103,HP,Ultrabook,13.3,IPS Panel Full HD 1920x1080,Intel Core i7 7500U 2.7GHz,8GB,256GB SSD,Nvidia GeForce MX150,Windows 10,1.38kg,59620.32
,104,Microsoft,Ultrabook,13.5,Touchscreen 2256x1504,Intel Core i5 7200U 2.5GHz,8GB,256GB SSD,Intel HD Graphics 620,Windows 10 S,1.252kg,71395.2
,105,HP,Notebook,14,IPS Panel Full HD 1920x1080,Intel Core i5 7200U 2.5GHz,6GB,256GB SSD,Nvidia GeForce 940MX,Windows 10,1.58kg,35111.52
,106,Lenovo,Notebook,15.6,Full HD 1920x1080,Intel Core i3 6006U 2GHz,4GB,1TB HDD,Intel HD Graphics 520,Windows 10,1.85kg,22105.872
,107,Asus,Ultrabook,14,IPS Panel Full HD 1920x1080,Intel Core i7 7500U 2.7GHz,8GB,256GB SSD,Nvidia GeForce 940MX,Windows 10,1.3kg,63563.04
,108,MSI,Gaming,15.6,Full HD 1920x1080,Intel Core i7 7700HQ 2.8GHz,16GB,256GB SSD + 1TB HDD,Nvidia GeForce GTX 1050 Ti,Windows 10,2.2kg,69210.72
,109,Lenovo,Notebook,14,IPS Panel Full HD 1920x1080,Intel Core i7 7500U 2.7GHz,8GB,256GB SSD,Intel HD Graphics 620,Windows 10,1.58kg,78854.4
,110,Asus,Ultrabook,15.6,Full HD 1920x1080,Intel Core i7 8550U 1.8GHz,16GB,256GB SSD + 1TB HDD,Nvidia GeForce MX150,Windows 10,1.5kg,67239.36
,111,Dell,Ultrabook,13.3,Quad HD+ / Touchscreen 3200x1800,Intel Core i7 7560U 2.4GHz,8GB,256GB SSD,Intel Iris Plus Graphics 640,Windows 10,1.23kg,73473.12
,112,Lenovo,2 in 1 Convertible,13.3,IPS Panel Full HD / Touchscreen 1920x1080,Intel Core i5 7200U 2.5GHz,8GB,256GB SSD,Intel HD Graphics 620,Windows 10,1.37kg,74538.72
,113,HP,Notebook,14,IPS Panel 1366x768,Intel Core i5 8250U 1.6GHz,4GB,500GB HDD,Intel UHD Graphics 620,Windows 10,1.63kg,38468.16
,114,Dell,Ultrabook,13.3,IPS Panel Full HD 1920x1080,Intel Core i5 8250U 1.6GHz,8GB,256GB SSD,Intel UHD Graphics 620,Windows 10,1.21kg,86793.12
,115,HP,2 in 1 Convertible,13.3,IPS Panel Full HD / Touchscreen 1920x1080,Intel Core i5 8250U 1.6GHz,8GB,256GB SSD,Intel UHD Graphics 620,Windows 10,1.26kg,74538.1872
,116,HP,Notebook,14,Full HD 1920x1080,Intel Core i7 8550U 1.8GHz,8GB,512GB SSD,Intel UHD Graphics 620,Windows 10,1.63kg,57755.52
,117,Dell,Notebook,15.6,IPS Panel Full HD 1920x1080,Intel Core i7 8550U 1.8GHz,8GB,256GB SSD + 1TB HDD,Nvidia GeForce 940MX,Windows 10,2.16kg,60223.9824
,118,Asus,Notebook,17.3,Full HD 1920x1080,Intel Core i3 6006U 2GHz,4GB,1TB HDD,Nvidia GeForce 920MX,Windows 10,2kg,30049.92
,119,Asus,Notebook,15.6,Full HD 1920x1080,Intel Core i7 8550U 1.8GHz,8GB,256GB SSD,Nvidia GeForce 940MX,Windows 10,1.7kg,59567.04
,120,Acer,Notebook,15.6,IPS Panel Full HD / Touchscreen 1920x1080,Intel Core i3 7100U 2.4GHz,6GB,1TB HDD,Intel HD Graphics 620,Windows 10,2.1kg,25521.12
,121,MSI,Gaming,15.6,Full HD 1920x1080,Intel Core i7 7700HQ 2.8GHz,16GB,256GB SSD + 2TB HDD,Nvidia GeForce GTX 1070,Windows 10,1.8kg,119427.12
,122,Lenovo,Notebook,15.6,Full HD 1920x1080,Intel Core i5 7200U 2.5GHz,8GB,256GB SSD,Nvidia GeForce 940MX,No OS,2.2kg,33513.12
,123,HP,Notebook,17.3,Full HD 1920x1080,Intel Core i7 8550U 1.8GHz,16GB,512GB SSD,Nvidia GeForce 930MX,Windows 10,2.5kg,67718.88
,124,Acer,Notebook,15.6,1366x768,AMD A9-Series 9420 3GHz,4GB,256GB SSD,AMD Radeon R5,Windows 10,2.1kg,24029.28
,125,HP,Notebook,15.6,1366x768,Intel Celeron Dual Core N3060 1.6GHz,4GB,500GB HDD,Intel HD Graphics 400,No OS,1.86kg,13799.52
,126,HP,Notebook,14,Full HD 1920x1080,Intel Core i5 8250U 1.6GHz,8GB,1TB HDD,Intel UHD Graphics 620,Windows 10,1.63kg,43263.36
,127,Asus,Notebook,14,1366x768,AMD E-Series 6110 1.5GHz,4GB,64GB SSD,AMD Radeon R2,Windows 10 S,1.65kg,14811.3072
,128,Dell,Notebook,17.3,Full HD 1920x1080,Intel Core i7 8550U 1.8GHz,16GB,256GB SSD + 2TB HDD,AMD Radeon 530,Windows 10,2.8kg,74378.88
,129,HP,Notebook,17.3,Full HD 1920x1080,Intel Core i5 8250U 1.6GHz,8GB,256GB SSD,Intel UHD Graphics 620,Windows 10,2.5kg,49443.84
,130,Dell,Notebook,15.6,1366x768,Intel Core i5 7200U 2.5GHz,8GB,1TB HDD,AMD Radeon R7 M445,Windows 10,2.36kg,34045.3872
,131,Dell,Notebook,15.6,Full HD 1920x1080,Intel Core i3 6006U 2GHz,4GB,1TB HDD,AMD Radeon R5 M430,Windows 10,2.2kg,23922.72
,132,Acer,Ultrabook,14,IPS Panel Full HD 1920x1080,Intel Core i7 8550U 1.8GHz,8GB,256GB SSD,Intel UHD Graphics 620,Windows 10,1.6kg,47099.52
,133,Acer,Notebook,15.6,Full HD 1920x1080,Intel Core i3 7130U 2.7GHz,4GB,256GB SSD,Nvidia GeForce MX130,Windows 10,2.2kg,30476.16
,134,HP,Notebook,15.6,1366x768,Intel Core i7 7500U 2.7GHz,8GB,1TB HDD,Intel HD Graphics 620,Windows 10,2.05kg,31861.44
,135,HP,Notebook,14,Full HD 1920x1080,Intel Core i7 8550U 1.8GHz,8GB,256GB SSD,Intel UHD Graphics 620,Windows 10,1.63kg,52640.64
,136,Lenovo,Notebook,15.6,1366x768,Intel Celeron Dual Core N3350 1.1GHz,4GB,1TB HDD,Intel HD Graphics 500,No OS,1.9kg,13445.7408
,137,Asus,Gaming,17.3,Full HD 1920x1080,Intel Core i5 7300HQ 2.5GHz,8GB,128GB SSD + 1TB HDD,Nvidia GeForce GTX 1050,Windows 10,3kg,49976.64
,138,Lenovo,Notebook,15.6,Full HD 1920x1080,Intel Core i5 7200U 2.5GHz,4GB,1TB HDD,Nvidia GeForce 920MX,No OS,2.2kg,26586.72
,139,HP,Notebook,13.3,IPS Panel Full HD 1920x1080,Intel Core i5 7200U 2.5GHz,4GB,256GB SSD,Intel HD Graphics 620,Windows 10,1.32kg,37242.72
,140,Acer,Notebook,17.3,IPS Panel Full HD 1920x1080,Intel Core i3 7130U 2.7GHz,4GB,1TB HDD,Nvidia GeForce MX130,Windows 10,3kg,34898.4
,141,Lenovo,Notebook,14,IPS Panel Full HD 1920x1080,Intel Core i5 8250U 1.6GHz,8GB,256GB SSD,AMD Radeon RX 550,Windows 10,1.75kg,59461.5456
,142,Lenovo,Gaming,15.6,IPS Panel Full HD 1920x1080,Intel Core i7 7700HQ 2.8GHz,8GB,256GB SSD,Nvidia GeForce GTX 1050M,No OS,2.4kg,46300.32
,143,Toshiba,Notebook,15.6,1366x768,Intel Core i5 6200U 2.3GHz,4GB,500GB HDD,Intel HD Graphics 520,Windows 10,2.1kg,32074.56
,144,HP,Notebook,15.6,1366x768,AMD A6-Series 9220 2.5GHz,4GB,256GB SSD,AMD Radeon R4 Graphics,Windows 10,1.86kg,19660.32
,145,Asus,Ultrabook,14,Full HD 1920x1080,Intel Core i7 8550U 1.8GHz,8GB,256GB SSD,Intel UHD Graphics 620,Windows 10,1.25kg,58554.72
,146,HP,Ultrabook,12.5,IPS Panel 4K Ultra HD / Touchscreen 3840x2160,Intel Core M 6Y75 1.2GHz,8GB,512GB SSD,Intel HD Graphics 515,Windows 10,0.97kg,107305.92
,147,Asus,Notebook,15.6,Full HD 1920x1080,Intel Celeron Dual Core N3350 1.1GHz,4GB,1TB HDD,Intel HD Graphics 500,Windows 10,2kg,18328.32
,148,MSI,Gaming,17.3,Full HD 1920x1080,Intel Core i7 7700HQ 2.8GHz,16GB,256GB SSD + 1TB HDD,Nvidia GeForce GTX 1070,Windows 10,2.9kg,108105.12
,149,Acer,Notebook,15.6,1366x768,Intel Core i3 6006U 2GHz,4GB,1TB HDD,Intel HD Graphics 520,Windows 10,2.1kg,23816.16
,150,Dell,Gaming,15.6,Full HD 1920x1080,Intel Core i7 7700HQ 2.8GHz,16GB,512GB SSD,Nvidia GeForce GTX 1050,Windows 10,2.56kg,66560.5728
,151,Dell,Gaming,15.6,Full HD 1920x1080,Intel Core i7 7700HQ 2.8GHz,8GB,1.0TB Hybrid,Nvidia GeForce GTX 1050,Windows 10,2.62kg,47898.72
,152,Lenovo,Notebook,15.6,1366x768,Intel Core i5 7200U 2.5GHz,4GB,128GB SSD,Intel HD Graphics 620,Windows 10,1.9kg,26533.44
,153,MSI,Gaming,17.3,Full HD 1920x1080,Intel Core i7 7700HQ 2.8GHz,16GB,256GB SSD + 1TB HDD,Nvidia GeForce GTX 1060,Windows 10,2.8kg,100699.2
,154,HP,Ultrabook,14,Full HD 1920x1080,Intel Core i5 7500U 2.7GHz,4GB,256GB SSD,Intel HD Graphics 620,Windows 10,1.48kg,57648.96
,155,HP,Notebook,15.6,Full HD 1920x1080,Intel Core i5 8250U 1.6GHz,6GB,256GB SSD,AMD Radeon 520,Windows 10,1.91kg,32980.32
,156,Lenovo,2 in 1 Convertible,14,IPS Panel Full HD / Touchscreen 1920x1080,Intel Core i3 7100U 2.4GHz,4GB,256GB SSD,Intel HD Graphics 620,Windows 10,1.74kg,33513.12
,157,Asus,2 in 1 Convertible,13.3,Full HD / Touchscreen 1920x1080,Intel Core i5 8250U 1.6GHz,8GB,256GB SSD,Intel HD Graphics 620,Windows 10,1.1kg,70063.2
,158,Dell,2 in 1 Convertible,15.6,Full HD / Touchscreen 1920x1080,Intel Core i7 8550U 1.8GHz,8GB,256GB SSD,Intel UHD Graphics 620,Windows 10,1.56kg,55890.72
,159,Toshiba,Notebook,15.6,1366x768,Intel Core i3 6006U 2.2GHz,4GB,500GB HDD,Intel HD Graphics 520,Windows 10,2.1kg,23816.16
,160,Asus,Notebook,15.6,1366x768,AMD A9-Series 9420 3GHz,4GB,1TB HDD,AMD Radeon R5 M420,Windows 10,2.03kg,21471.84
,161,Acer,Notebook,17.3,IPS Panel Full HD 1920x1080,Intel Core i5 8250U 1.6GHz,4GB,256GB SSD,Nvidia GeForce MX150,Windows 10,3kg,42890.4
,162,Dell,Notebook,15.6,Full HD 1920x1080,Intel Core i5 8250U 1.6GHz,8GB,256GB SSD,AMD Radeon 520,Windows 10,2.13kg,38787.84
,163,Lenovo,Gaming,15.6,IPS Panel Full HD 1920x1080,Intel Core i7 7700HQ 2.8GHz,16GB,256GB SSD,Nvidia GeForce GTX 1050 Ti,Windows 10,2.5kg,57489.12
,164,Acer,Notebook,15.6,1366x768,Intel Celeron Dual Core N3350 1.1GHz,4GB,1TB HDD,Intel HD Graphics 500,Windows 10,2.1kg,18541.44
,165,MSI,Gaming,15.6,IPS Panel Full HD 1920x1080,Intel Core i7 7700HQ 2.8GHz,16GB,256GB SSD + 1TB HDD,Nvidia GeForce GTX 1060,Windows 10,2.4kg,95850.72
,166,Acer,Notebook,15.6,1366x768,Intel Pentium Quad Core N4200 1.1GHz,4GB,1TB HDD,Intel HD Graphics 505,Windows 10,2.1kg,19367.8128
,167,Dell,Gaming,15.6,Full HD 1920x1080,Intel Core i7 7700HQ 2.8GHz,8GB,128GB SSD + 1TB HDD,Nvidia GeForce GTX 1050,Windows 10,2.56kg,56502.9072
,168,Acer,Notebook,17.3,IPS Panel Full HD 1920x1080,Intel Core i5 8250U 1.6GHz,8GB,256GB SSD,Nvidia GeForce MX150,Windows 10,3kg,45501.12
,169,HP,Notebook,13.3,IPS Panel Full HD 1920x1080,Intel Core i5 8250U 1.6GHz,4GB,500GB HDD,Intel UHD Graphics 620,Windows 10,1.49kg,40173.12
,170,Huawei,Ultrabook,13,IPS Panel Full HD 2160x1440,Intel Core i5 7200U 2.5GHz,8GB,256GB SSD,Intel HD Graphics 620,Windows 10,1.05kg,71874.72
,171,HP,Notebook,17.3,IPS Panel Full HD 1920x1080,Intel Core i5 7200U 2.5GHz,6GB,2TB HDD,AMD Radeon 520,Windows 10,2.71kg,37242.72
,172,Lenovo,Notebook,15.6,1366x768,AMD A6-Series 9220 2.9GHz,4GB,500GB HDD,AMD Radeon R4 Graphics,No OS,2.2kg,16463.52
,173,Toshiba,Notebook,15.6,1366x768,Intel Core i3 7100U 2.4GHz,4GB,500GB HDD,Intel HD Graphics 620,Windows 10,2kg,26053.92
,174,HP,Notebook,17.3,Full HD 1920x1080,Intel Core i5 8250U 1.6GHz,8GB,256GB SSD,Nvidia GeForce 930MX,Windows 10,2.5kg,49177.44
,175,Dell,Notebook,15.6,1366x768,Intel Core i3 7100U 2.4GHz,8GB,1TB HDD,Intel HD Graphics 620,Windows 10,2.3kg,24455.52
,176,Acer,Notebook,15.6,1366x768,Intel Core i3 6006U 2GHz,4GB,128GB SSD,Intel HD Graphics 520,Windows 10,2.1kg,23922.72
,177,MSI,Gaming,18.4,Full HD 1920x1080,Intel Core i7 6920HQ 2.9GHz,32GB,512GB SSD + 1TB HDD,Nvidia GTX 980 SLI,Windows 10,4.4kg,149130.72
,178,Lenovo,Notebook,15.6,Full HD 1920x1080,Intel Core i5 7200U 2.5GHz,8GB,128GB SSD + 1TB HDD,AMD R17M-M1-70,Windows 10,1.90kg,43316.64
,179,HP,2 in 1 Convertible,13.3,IPS Panel 4K Ultra HD / Touchscreen 3840x2160,Intel Core i5 8250U 1.6GHz,8GB,256GB SSD,Intel UHD Graphics 620,Windows 10,1.29kg,79866.72
,180,Dell,Notebook,15.6,Full HD 1920x1080,Intel Core i7 8550U 1.8GHz,16GB,256GB SSD + 2TB HDD,AMD Radeon 530,Linux,2.02kg,55890.72
,181,Dell,Ultrabook,13.3,Full HD 1920x1080,Intel Core i5 8250U 1.6GHz,8GB,256GB SSD,Intel UHD Graphics 620,Windows 10,1.23kg,74538.72
,182,Lenovo,2 in 1 Convertible,13.9,IPS Panel 4K Ultra HD / Touchscreen 3840x2160,Intel Core i7 8550U 1.8GHz,16GB,512GB SSD,Intel UHD Graphics 620,Windows 10,1.4kg,98514.72
,183,Toshiba,Notebook,15.6,1366x768,Intel Core i5 7200U 2.5GHz,8GB,128GB SSD,Intel HD Graphics 620,Windows 10,2.0kg,42251.04
,184,Xiaomi,Notebook,15.6,IPS Panel Full HD 1920x1080,Intel Core i5 8250U 1.6GHz,8GB,256GB SSD,Nvidia GeForce MX150,No OS,1.95kg,63882.72
,185,Dell,Notebook,17.3,Full HD / Touchscreen 1920x1080,Intel Core i7 8550U 1.8GHz,16GB,512GB SSD,Nvidia GeForce 150MX,Windows 10,2.77kg,82530.72
,186,Dell,Notebook,15.6,4K Ultra HD / Touchscreen 3840x2160,Intel Core i7 7700HQ 2.8GHz,16GB,512GB SSD,Nvidia GeForce GTX 1050,Windows 10,2.06kg,127712.16
,187,Lenovo,Gaming,15.6,IPS Panel Full HD 1920x1080,Intel Core i5 7300HQ 2.5GHz,8GB,256GB SSD,Nvidia GeForce GTX 1050,No OS,2.4kg,41505.12
,188,Acer,Ultrabook,13.3,IPS Panel Full HD 1920x1080,Intel Core i5 7Y54 1.2GHz,8GB,256GB SSD,Intel HD Graphics 615,Windows 10,1.12kg,52693.92
,189,Dell,Notebook,17.3,Full HD 1920x1080,Intel Core i7 8550U 1.8GHz,8GB,128GB SSD + 1TB HDD,AMD Radeon 530,Windows 10,2.8kg,57808.8
,190,Lenovo,2 in 1 Convertible,14,Touchscreen 2560x1440,Intel Core i7 7500U 2.7GHz,16GB,1TB SSD,Intel HD Graphics 620,Windows 10,1.42kg,150462.72
,191,Vero,Notebook,14,IPS Panel Full HD 1920x1080,Intel Celeron Dual Core N3350 1.1GHz,4GB,32GB Flash Storage,Intel HD Graphics 500,Windows 10,1.3kg,13852.8
,192,Xiaomi,Ultrabook,13.3,IPS Panel Full HD 1920x1080,Intel Core i5 7200U 2.5GHz,8GB,256GB SSD,Nvidia GeForce MX150,No OS,1.3kg,53274.672
,193,Lenovo,Notebook,17.3,1600x900,Intel Core i5 8250U 1.6GHz,8GB,256GB SSD,Nvidia GeForce MX150,No OS,2.8kg,37189.44
,194,Dell,2 in 1 Convertible,13.3,IPS Panel Full HD / Touchscreen 1920x1080,Intel Core i7 8550U 1.8GHz,8GB,1TB HDD,Intel UHD Graphics 620,Windows 10,1.62kg,44701.92
,195,HP,Notebook,17.3,IPS Panel Full HD 1920x1080,Intel Core i5 8250U 1.6GHz,8GB,1TB HDD,Nvidia GeForce 930MX,Windows 10,2.5kg,48697.92
,196,Razer,Gaming,17.3,4K Ultra HD / Touchscreen 3840x2160,Intel Core i7 7820HK 2.9GHz,32GB,1TB SSD,Nvidia GeForce GTX 1080,Windows 10,3.49kg,324954.72
,197,HP,Notebook,13.3,Full HD 1920x1080,Intel Core i5 8250U 1.6GHz,8GB,512GB SSD,Intel UHD Graphics 620,Windows 10,1.49kg,51095.52
,198,HP,Gaming,17.3,IPS Panel Full HD 1920x1080,Intel Core i7 7700HQ 2.8GHz,16GB,256GB SSD + 1TB HDD,Nvidia GeForce GTX 1050,Windows 10,3.35kg,73473.12
,199,HP,Notebook,17.3,Full HD 1920x1080,Intel Core i7 8550U 1.8GHz,8GB,256GB SSD,Nvidia GeForce 930MX,Windows 10,2.5kg,55677.6
,200,Dell,Gaming,15.6,IPS Panel 4K Ultra HD 3840x2160,Intel Core i7 7700HQ 2.8GHz,16GB,512GB SSD + 1TB HDD,Nvidia GeForce GTX 1060,Windows 10,2.65kg,98301.6
,201,Lenovo,Notebook,15.6,1366x768,Intel Core i5 6200U 2.3GHz,4GB,128GB SSD,Intel HD Graphics 520,Windows 10,2.1kg,26267.04
,202,Acer,Notebook,15.6,Full HD 1920x1080,Intel Core i7 7500U 2.7GHz,8GB,1TB HDD,Nvidia GeForce 940MX,Windows 10,2.23kg,39533.76
,203,Lenovo,Gaming,15.6,IPS Panel Full HD 1920x1080,Intel Core i7 7700HQ 2.8GHz,16GB,512GB SSD + 1TB HDD,Nvidia GeForce GTX 1060,Windows 10,3.2kg,93186.72
,204,Dell,Workstation,15.6,4K Ultra HD 3840x2160,Intel Xeon E3-1505M V6 3GHz,16GB,256GB SSD + 1TB HDD,Nvidia Quadro M1200,Windows 10,2.8kg,162770.4
,205,Lenovo,Gaming,15.6,Full HD 1920x1080,Intel Core i7 7700HQ 2.8GHz,16GB,512GB SSD,Nvidia GeForce GTX 1060,No OS,2.4kg,74485.44
,206,Dell,Notebook,15.6,Touchscreen 1366x768,Intel Core i3 7100U 2.4GHz,6GB,1TB HDD,Intel HD Graphics 620,Windows 10,2.3kg,23389.92
,207,Dell,Ultrabook,13.3,IPS Panel 4K Ultra HD / Touchscreen 3840x2160,Intel Core i7 8550U 1.8GHz,8GB,256GB SSD,Intel UHD Graphics 620,Windows 10,1.21kg,103842.72
,208,Dell,Ultrabook,13.3,Full HD 1920x1080,Intel Core i7 8550U 1.8GHz,8GB,256GB SSD,Intel UHD Graphics 620,Windows 10,1.2kg,77202.72
,209,Lenovo,Notebook,15.6,1366x768,Intel Core i5 7200U 2.5GHz,8GB,256GB SSD,Intel HD Graphics 620,Windows 10,2.2kg,31808.16
,210,Acer,Notebook,15.6,Full HD 1920x1080,Intel Core i7 7700HQ 2.8GHz,8GB,1TB HDD,Nvidia GeForce GTX 1050,Linux,2.4kg,41505.12
,211,Asus,Gaming,17.3,Full HD 1920x1080,Intel Core i7 7700HQ 2.8GHz,16GB,256GB SSD + 1TB HDD,Nvidia GeForce GTX 1050,Windows 10,2.9kg,74964.96
,212,HP,Notebook,15.6,Full HD 1920x1080,Intel Core i3 6006U 2GHz,4GB,500GB HDD,Intel HD Graphics 520,No OS,2.1kg,18594.72
,213,Lenovo,Notebook,15.6,Full HD 1920x1080,Intel Core i5 7200U 2.5GHz,8GB,256GB SSD,Intel HD Graphics 620,No OS,2.2kg,29250.72
,214,Huawei,Ultrabook,13,IPS Panel Full HD 2160x1440,Intel Core i7 7500U 2.7GHz,8GB,512GB SSD,Intel HD Graphics 620,Windows 10,1.05kg,79866.72
,215,Dell,Ultrabook,13.3,IPS Panel Full HD 1920x1080,Intel Core i7 8550U 1.8GHz,8GB,256GB SSD,AMD Radeon 530,Windows 10,1.4kg,49650.5664
,216,Lenovo,Notebook,17.3,1600x900,Intel Core i5 7200U 2.5GHz,8GB,1TB HDD,Nvidia GeForce GTX 940MX,No OS,2.8kg,31381.92
,217,HP,Notebook,14,Full HD 1920x1080,Intel Core i7 8550U 1.8GHz,8GB,256GB SSD,Nvidia GeForce 930MX,Windows 10,1.63kg,54931.68
,218,Dell,Ultrabook,14,Full HD 1920x1080,Intel Core i5 8250U 1.6GHz,8GB,256GB SSD,Intel UHD Graphics 620,Windows 10,1.6kg,61218.72
,219,Dell,2 in 1 Convertible,13.3,Full HD / Touchscreen 1920x1080,Intel Core i7 8550U 1.8GHz,16GB,512GB SSD,Intel UHD Graphics 620,Windows 10,1.62kg,68145.12
,220,Dell,Notebook,15.6,Full HD 1920x1080,Intel Core i5 8250U 1.6GHz,8GB,256GB SSD,AMD Radeon 520,Linux,2.2kg,36089.208
,221,Lenovo,2 in 1 Convertible,14,IPS Panel Full HD 1920x1080,Intel Core i5 8250U 1.6GHz,8GB,256GB SSD,Intel UHD Graphics 620,Windows 10,1.74kg,47898.72
,222,Toshiba,Ultrabook,13.3,Full HD 1920x1080,Intel Core i7 6500U 2.5GHz,8GB,256GB SSD,Intel HD Graphics 520,Windows 10,1.2kg,72620.64
,223,HP,Notebook,15.6,Full HD 1920x1080,Intel Core i5 8250U 1.6GHz,8GB,1TB HDD,Intel UHD Graphics 620,Windows 10,2.1kg,42304.32
,224,Dell,Gaming,17.3,IPS Panel Full HD 1920x1080,Intel Core i7 7700HQ 2.8GHz,16GB,256GB SSD + 1TB HDD,Nvidia GeForce GTX 1060,Windows 10,4.42kg,130873.7952
,225,Acer,Notebook,15.6,Full HD 1920x1080,Intel Core i7 7500U 2.7GHz,8GB,256GB SSD,Nvidia GeForce 940MX,Windows 10,2.2kg,44328.96
,226,Dell,Notebook,15.6,Full HD / Touchscreen 1920x1080,Intel Core i7 7500U 2.7GHz,16GB,1TB HDD,AMD Radeon R7 M445,Windows 10,2.3kg,45768.0528
,227,Asus,Notebook,15.6,Full HD 1920x1080,Intel Core i5 7200U 2.5GHz,8GB,256GB SSD,Nvidia GeForce 920MX,Windows 10,2kg,40972.32
,228,Asus,Notebook,17.3,Full HD 1920x1080,Intel Core i5 7200U 2.5GHz,8GB,256GB SSD + 500GB HDD,Nvidia GeForce GTX 950M,Windows 10,2.69kg,47472.48
,229,HP,Notebook,15.6,Full HD 1920x1080,Intel Core i7 7500U 2.7GHz,8GB,1TB HDD,AMD FirePro W4190M,Windows 10,1.9kg,67612.32
,230,Asus,Notebook,15.6,1366x768,Intel Core i3 7100U 2.4GHz,4GB,1TB HDD,Intel HD Graphics 620,Windows 10,2.37kg,21258.1872
,231,HP,Notebook,15.6,1366x768,AMD E-Series 9000e 1.5GHz,4GB,500GB HDD,AMD Radeon R2,Windows 10,2.1kg,17582.4
,232,Lenovo,Gaming,15.6,IPS Panel Full HD 1920x1080,Intel Core i7 7700HQ 2.8GHz,16GB,256GB SSD + 1TB HDD,Nvidia GeForce GTX 1060,Windows 10,3.2kg,79866.72
,233,Dell,Notebook,14,Full HD 1920x1080,Intel Core i5 7200U 2.5GHz,8GB,256GB SSD,Intel HD Graphics 620,Windows 10,1.6kg,45767.52
,234,Acer,2 in 1 Convertible,13.3,IPS Panel Full HD / Touchscreen 1920x1080,Intel Core i5 6200U 2.3GHz,8GB,256GB SSD,Intel HD Graphics 520,Windows 10,1.6kg,36709.92
,235,Dell,Notebook,15.6,Full HD 1920x1080,Intel Core i7 7500U 2.7GHz,16GB,256GB SSD,AMD Radeon R7 M445,Linux,2.36kg,47898.72
,236,Acer,Notebook,15.6,1366x768,Intel Core i3 6006U 2GHz,4GB,1TB HDD,Intel HD Graphics 520,Linux,2.1kg,20779.2
,237,Asus,Notebook,15.6,Full HD 1920x1080,AMD A10-Series A10-9620P 2.5GHz,4GB,128GB SSD + 1TB HDD,AMD Radeon R5 M430,Windows 10,2.2kg,30636
,238,Asus,Gaming,17.3,Full HD 1920x1080,Intel Core i7 7820HK 2.9GHz,32GB,512GB SSD + 1TB HDD,Nvidia GeForce GTX 1080,Windows 10,4.7kg,207259.2
,239,Acer,Gaming,15.6,IPS Panel Full HD 1920x1080,Intel Core i5 7300HQ 2.5GHz,8GB,256GB SSD,Nvidia GeForce GTX 1050,Windows 10,2.5kg,45074.88
,240,Lenovo,Notebook,15.6,1366x768,Intel Core i3 6006U 2GHz,8GB,128GB SSD,Intel HD Graphics 520,Windows 10,2.2kg,31381.92
,241,Asus,Notebook,17.3,Full HD 1920x1080,Intel Core i7 8550U 1.8GHz,8GB,128GB SSD + 1TB HDD,Nvidia GeForce 150MX,Windows 10,2.1kg,61005.6
,242,Asus,Notebook,17.3,Full HD 1920x1080,Intel Core i7 7500U 2.7GHz,8GB,128GB SSD + 1TB HDD,Nvidia GeForce GTX 950M,No OS,2.69kg,47365.92
,243,Dell,Gaming,15.6,Full HD 1920x1080,Intel Core i5 7300HQ 2.5GHz,8GB,256GB SSD,Nvidia GeForce GTX 1050,Windows 10,2.56kg,46833.12
,244,Lenovo,2 in 1 Convertible,13.9,IPS Panel Full HD / Touchscreen 1920x1080,Intel Core i7 7500U 2.7GHz,8GB,256GB SSD,Intel HD Graphics 620,Windows 10,1.38kg,57489.12
,245,Dell,Notebook,15.6,Full HD 1920x1080,Intel Core i7 8550U 1.8GHz,8GB,128GB SSD + 2TB HDD,AMD Radeon 530,Windows 10,2.2kg,52480.8
,246,HP,Notebook,15.6,Touchscreen 1366x768,Intel Core i5 7200U 2.5GHz,8GB,1TB HDD,Intel HD Graphics 620,Windows 10,2.04kg,29783.52
,247,Asus,Gaming,17.3,Full HD 1920x1080,Intel Core i7 7820HK 2.9GHz,16GB,256GB SSD,Nvidia GeForce GTX 1080,Windows 10,3.6kg,159786.72
,248,HP,Notebook,13.3,IPS Panel Full HD 1920x1080,Intel Core i5 8250U 1.6GHz,4GB,500GB HDD,Intel UHD Graphics 620,Windows 10,1.49kg,35964
,249,Apple,Ultrabook,13.3,IPS Panel Retina Display 2560x1600,Intel Core i5 3.1GHz,8GB,512GB SSD,Intel Iris Plus Graphics 650,macOS,1.37kg,108691.2
,250,Dell,2 in 1 Convertible,15.6,IPS Panel Full HD / Touchscreen 1920x1080,Intel Core i7 8550U 1.8GHz,8GB,1TB HDD,Intel UHD Graphics 620,Windows 10,2.08kg,43636.32
,251,Asus,Gaming,17.3,Full HD 1920x1080,Intel Core i7 7700HQ 2.8GHz,16GB,256GB SSD + 1TB HDD,Nvidia GeForce GTX 980M,Windows 10,4.3kg,95850.72
,252,Asus,Notebook,15.6,1366x768,AMD A9-Series 9420 3GHz,4GB,1TB HDD,AMD Radeon R5 M420,Windows 10,1.68kg,24988.32
,253,Lenovo,2 in 1 Convertible,13.9,IPS Panel Full HD / Touchscreen 1920x1080,Intel Core i7 8550U 1.8GHz,8GB,512GB SSD,Intel UHD Graphics 620,Windows 10,1.37kg,98514.72
,254,Acer,Notebook,17.3,IPS Panel Full HD 1920x1080,Intel Core i3 7130U 2.7GHz,4GB,256GB SSD,Nvidia GeForce MX130,Windows 10,3kg,37402.56
,255,Dell,Ultrabook,13.3,Full HD 1920x1080,Intel Core i5 8250U 1.6GHz,8GB,256GB SSD,Intel UHD Graphics 620,Windows 10,1.41kg,50562.72
,256,HP,Notebook,15.6,1366x768,AMD A6-Series A6-9220 2.5GHz,8GB,128GB SSD,AMD Radeon R4 Graphics,Windows 10,1.91kg,23757.552
,257,HP,Notebook,17.3,IPS Panel Full HD 1920x1080,Intel Core i7 8550U 1.8GHz,16GB,1TB HDD,Nvidia GeForce MX150,Windows 10,2.9kg,56423.52
,258,MSI,Gaming,17.3,Full HD 1920x1080,Intel Core i7 7700HQ 2.8GHz,16GB,512GB SSD + 1TB HDD,Nvidia GeForce GTX 1070,Windows 10,4.14kg,133146.72
,259,Lenovo,2 in 1 Convertible,15.6,IPS Panel Full HD / Touchscreen 1920x1080,Intel Core i7 7700HQ 2.8GHz,8GB,512GB SSD,Nvidia GeForce GTX 1050M,Windows 10,2kg,90522.72
,260,Dell,Notebook,17.3,Full HD 1920x1080,Intel Core i7 8550U 1.8GHz,8GB,128GB SSD + 1TB HDD,AMD Radeon 530,Windows 10,2.8kg,60845.76
,261,Lenovo,Notebook,15.6,Full HD 1920x1080,Intel Core i3 6006U 2GHz,4GB,256GB SSD,Intel HD Graphics 520,No OS,2.2kg,23656.32
,262,HP,Notebook,15.6,IPS Panel Full HD 1920x1080,Intel Core i5 8250U 1.6GHz,4GB,500GB HDD,Intel HD Graphics 620,Windows 10,2.1kg,38468.16
,263,Dell,Notebook,15.6,Full HD 1920x1080,Intel Core i5 7200U 2.5GHz,4GB,1TB HDD,Intel HD Graphics 620,Windows 10,2.18kg,35004.96
,264,Dell,Notebook,15.6,Full HD 1920x1080,Intel Core i5 7200U 2.5GHz,8GB,1TB HDD,AMD Radeon R5 M430,Windows 10,2.24kg,30103.2
,265,Dell,2 in 1 Convertible,15.6,Full HD / Touchscreen 1920x1080,Intel Core i5 8250U 1.6GHz,8GB,256GB SSD,Intel UHD Graphics 620,Windows 10,2.67kg,42570.72
,266,Asus,2 in 1 Convertible,13.3,Full HD / Touchscreen 1920x1080,Intel Core i7 8550U 1.8GHz,8GB,512GB SSD + 512GB SSD,Intel UHD Graphics 620,Windows 10,1.1kg,79866.72
,267,Lenovo,Notebook,15.6,Full HD 1920x1080,Intel Core i5 7200U 2.5GHz,4GB,1TB HDD,Intel HD Graphics 620,No OS,2.2kg,24881.76
,268,HP,Notebook,17.3,Full HD 1920x1080,Intel Core i7 8550U 1.8GHz,8GB,1TB HDD,Nvidia GeForce 930MX,Windows 10,2.5kg,54239.04
,269,Lenovo,Notebook,15.6,Full HD 1920x1080,Intel Core i7 8550U 1.8GHz,8GB,256GB SSD,Intel UHD Graphics 620,Windows 10,2.05kg,46886.4
,270,Apple,Ultrabook,13.3,IPS Panel Retina Display 2560x1600,Intel Core i5 2.9GHz,8GB,512GB SSD,Intel Iris Graphics 550,macOS,1.37kg,104370.192
,271,Asus,Gaming,17.3,Full HD 1920x1080,AMD Ryzen 1700 3GHz,16GB,256GB SSD + 1TB HDD,AMD Radeon RX 580,Windows 10,3.2kg,82530.72
,272,Dell,Notebook,15.6,Full HD 1920x1080,Intel Core i7 8550U 1.8GHz,8GB,256GB SSD,AMD Radeon 520,Linux,2.14kg,39164.5296
,273,Lenovo,2 in 1 Convertible,14,Touchscreen 2560x1440,Intel Core i7 6600U 2.6GHz,16GB,512GB SSD,Intel HD Graphics 520,Windows 10,1.36kg,133146.72
,274,Toshiba,Notebook,15.6,1366x768,Intel Core i7 6500U 2.5GHz,8GB,500GB HDD,Nvidia GeForce 930M,Windows 10,2.2kg,43263.36
,275,Dell,Notebook,15.6,1366x768,Intel Core i7 7500U 2.7GHz,12GB,1TB HDD,Intel HD Graphics 620,Windows 10,2.3kg,37992.3696
,276,Dell,Notebook,17.3,Full HD 1920x1080,Intel Core i7 8550U 1.8GHz,8GB,128GB SSD + 1TB HDD,AMD Radeon 530,Linux,2.8kg,58554.72
,277,Acer,Notebook,15.6,IPS Panel Full HD 1920x1080,Intel Core i7 8550U 1.8GHz,8GB,1TB HDD,Nvidia GeForce MX130,Windows 10,2.2kg,39693.6
,278,Lenovo,Notebook,17.3,1600x900,Intel Core i3 6006U 2GHz,4GB,1TB HDD,Intel HD Graphics 520,Windows 10,2.8kg,26053.92
,279,Lenovo,Notebook,17.3,Full HD 1920x1080,Intel Core i7 8550U 1.8GHz,8GB,2TB HDD,Nvidia GeForce MX150,No OS,2.8kg,45234.72
,280,Lenovo,Notebook,17.3,1600x900,Intel Core i7 7500U 2.7GHz,6GB,128GB SSD + 1TB HDD,Nvidia GeForce 940MX,Windows 10,2.8kg,45767.52
,281,Dell,Notebook,15.6,Full HD 1920x1080,Intel Core i3 6006U 2.0GHz,4GB,1TB HDD,AMD Radeon R5 M430,Linux,2.25kg,22803.84
,282,Lenovo,Gaming,15.6,IPS Panel Full HD 1920x1080,Intel Core i5 7300HQ 2.5GHz,8GB,256GB SSD,Nvidia GeForce GTX 1050,Windows 10,2.5kg,44169.12
,283,Lenovo,Notebook,15.6,Full HD 1920x1080,Intel Core i5 7200U 2.5GHz,6GB,256GB SSD,Intel HD Graphics 620,Windows 10,2.2kg,30849.12
,284,Acer,Notebook,15.6,IPS Panel Full HD 1920x1080,Intel Core i7 8550U 1.8GHz,8GB,256GB SSD,Nvidia GeForce MX150,Windows 10,3kg,50669.28
,285,Acer,Notebook,15.6,IPS Panel Full HD / Touchscreen 1920x1080,Intel Core i7 7500U 2.7GHz,12GB,1TB HDD,Intel HD Graphics 620,Windows 10,2.15kg,35111.52
,286,Lenovo,Notebook,15.6,IPS Panel Full HD 1920x1080,Intel Core i7 7500U 2.7GHz,8GB,256GB SSD,Intel HD Graphics 630,Windows 10,1.95kg,58448.16
,287,Asus,Ultrabook,15.6,Full HD 1920x1080,Intel Core i5 7200U 2.5GHz,8GB,256GB SSD,Nvidia GeForce 940MX,Windows 10,1.7kg,52054.56
,288,Lenovo,Gaming,15.6,IPS Panel Full HD 1920x1080,Intel Core i7 7700HQ 2.8GHz,16GB,256GB SSD + 1TB HDD,Nvidia GeForce GTX 1050 Ti,Windows 10,2.5kg,62817.12
,289,Lenovo,Notebook,15.6,Full HD 1920x1080,Intel Core i7 7500U 2.7GHz,8GB,1TB HDD,Nvidia GeForce 940MX,No OS,2.2kg,35112.0528
,290,Acer,Notebook,15.6,1366x768,Intel Celeron Dual Core 3205U 1.5GHz,2GB,16GB SSD,Intel HD Graphics,Chrome OS,2.19kg,10602.72
,291,Asus,Gaming,17.3,Full HD 1920x1080,Intel Core i7 7700HQ 2.8GHz,8GB,1TB HDD,Nvidia GeForce GTX 1050,Windows 10,3kg,63243.36
,292,HP,Notebook,17.3,1600x900,Intel Core i3 6006U 2GHz,8GB,1TB HDD,Intel HD Graphics 520,Windows 10,2.54kg,26053.92
,293,Dell,Notebook,15.6,Full HD 1920x1080,Intel Core i7 7700HQ 2.8GHz,8GB,256GB SSD,Nvidia GeForce GTX 1050,Windows 10,2kg,97449.12
,294,Lenovo,Notebook,15.6,Full HD 1920x1080,Intel Core i5 8250U 1.6GHz,8GB,256GB SSD,Intel UHD Graphics 620,Windows 10,2.05kg,39373.92
,295,Lenovo,Gaming,15.6,IPS Panel Full HD 1920x1080,Intel Core i7 7700HQ 2.8GHz,8GB,1TB HDD,Nvidia GeForce GTX 1060,Windows 10,3.2kg,69210.72
,296,Acer,Notebook,15.6,Full HD 1920x1080,Intel Core i7 7700HQ 2.8GHz,8GB,256GB SSD,Nvidia GeForce GTX 1050 Ti,Linux,2.5kg,52161.12
,297,Dell,Workstation,17.3,Full HD 1920x1080,Intel Core i7 7820HQ 2.9GHz,16GB,256GB SSD,Nvidia Quadro M1200,Windows 10,3.42kg,153705.3408
,298,Lenovo,Notebook,15.6,Full HD 1920x1080,AMD A10-Series 9600P 2.4GHz,6GB,1TB HDD,AMD Radeon R5 430,Windows 10,2.4kg,26586.72
,299,Asus,Ultrabook,15.6,Full HD 1920x1080,Intel Core i7 7500U 2.7GHz,16GB,512GB SSD,Nvidia GeForce 940MX,Windows 10,1.63kg,78215.04
,300,Asus,Notebook,14,1366x768,Intel Core i3 7100U 2.4GHz,4GB,128GB SSD,Intel HD Graphics 620,Windows 10,1.3kg,27119.52
,301,Asus,Gaming,17.3,Full HD 1920x1080,Intel Core i7 7700HQ 2.8GHz,16GB,256GB SSD + 1TB HDD,Nvidia GeForce GTX 1070,Windows 10,2.9kg,113060.16
,302,Lenovo,Notebook,17.3,1600x900,Intel Core i5 7200U 2.5GHz,6GB,1TB HDD,Nvidia GeForce GTX 940M,Windows 10,2.8kg,34578.72
,303,Lenovo,Notebook,15.6,1366x768,Intel Core i5 7200U 2.5GHz,8GB,2TB HDD,Nvidia GeForce 940MX,No OS,2.2kg,29250.72
,304,Asus,Gaming,15.6,Full HD 1920x1080,Intel Core i7 7700HQ 2.8GHz,8GB,128GB SSD + 1TB HDD,Nvidia GeForce GTX 1050 Ti,Windows 10,2.5kg,67399.2
,305,Lenovo,Notebook,15.6,1366x768,Intel Pentium Quad Core N4200 1.1GHz,4GB,1TB HDD,Intel HD Graphics 505,No OS,2.2kg,19180.2672
,306,HP,2 in 1 Convertible,13.3,Full HD / Touchscreen 1920x1080,Intel Core i7 7600U 2.8GHz,16GB,256GB SSD,Intel HD Graphics 620,Windows 10,1.28kg,105228
,307,Toshiba,Notebook,15.6,IPS Panel Full HD 1920x1080,Intel Core i7 6500U 2.5GHz,8GB,256GB SSD,Nvidia GeForce 930M,Windows 10,2.2kg,55571.04
,308,Lenovo,Notebook,15.6,Full HD 1920x1080,Intel Core i5 7200U 2.5GHz,8GB,128GB SSD + 1TB HDD,Nvidia GeForce 940MX,Windows 10,2.3kg,43636.32
,309,HP,Notebook,15.6,Full HD 1920x1080,Intel Core i3 6006U 2GHz,4GB,1TB HDD,Intel HD Graphics 520,Windows 10,1.86kg,24988.32
,310,Lenovo,Notebook,13.3,IPS Panel Full HD 1920x1080,Intel Core i5 7200U 2.5GHz,8GB,256GB SSD,Intel HD Graphics 620,Windows 10,1.1kg,53226.72
,311,Dell,Ultrabook,13.3,IPS Panel 4K Ultra HD / Touchscreen 3840x2160,Intel Core i7 8550U 1.8GHz,16GB,1TB SSD,Intel UHD Graphics 620,Windows 10,1.21kg,133146.72
,312,MSI,Gaming,15.6,IPS Panel Full HD 1920x1080,Intel Core i7 7700HQ 2.8GHz,16GB,256GB SSD + 1TB HDD,Nvidia GeForce GTX 1070,Windows 10,2.8kg,111834.72
,313,Acer,Notebook,15.6,Full HD 1920x1080,AMD A8-Series 7410 2.2GHz,8GB,256GB SSD,AMD Radeon R5,Windows 10,2.23kg,24988.32
,314,Asus,2 in 1 Convertible,11.6,Touchscreen 1366x768,Intel Celeron Dual Core N3350 1.1GHz,2GB,32GB Flash Storage,Intel HD Graphics 500,Windows 10,1.1kg,14652
,315,Dell,Notebook,15.6,Full HD 1920x1080,Intel Core i5 8250U 1.6GHz,8GB,128GB SSD + 1TB HDD,AMD Radeon 530,Windows 10,2.33kg,44968.32
,316,HP,2 in 1 Convertible,13.3,IPS Panel 4K Ultra HD / Touchscreen 3840x2160,Intel Core i7 8550U 1.8GHz,16GB,1TB SSD,Intel UHD Graphics 620,Windows 10,1.29kg,130482.72
,317,Lenovo,Notebook,13.3,1366x768,Intel Celeron Dual Core 3855U 1.6GHz,4GB,16GB Flash Storage,Intel HD Graphics 510,Chrome OS,1.45kg,24503.472
,318,HP,Notebook,14,Full HD 1920x1080,Intel Core i5 7200U 2.5GHz,8GB,256GB SSD,Intel HD Graphics 620,Windows 10,1.95kg,52214.4
,319,Acer,Notebook,11.6,1366x768,Intel Pentium Quad Core N3710 1.6GHz,4GB,128GB Flash Storage,Intel HD Graphics 405,Windows 10,1.4kg,25840.8
,320,HP,Notebook,14,Full HD 1920x1080,Intel Core i7 7500U 2.7GHz,8GB,256GB SSD,Intel HD Graphics 620,Windows 10,1.48kg,68837.76
,321,Lenovo,Notebook,17.3,1600x900,Intel Core i5 7200U 2.5GHz,4GB,1TB HDD,Nvidia GeForce 920MX,Windows 10,2.79kg,31381.92
,322,Asus,Notebook,14,Full HD 1920x1080,Intel Core i7 7500U 2.7GHz,8GB,256GB SSD,Intel HD Graphics 620,Windows 10,2kg,58288.32
,323,HP,Notebook,15.6,IPS Panel Full HD 1366x768,Intel Core i7 8550U 1.8GHz,8GB,1TB HDD,Intel UHD Graphics 620,Windows 10,2.1kg,48058.56
,324,Acer,Notebook,15.6,1366x768,AMD A12-Series 9720P 2.7GHz,8GB,256GB SSD,AMD Radeon RX 540,Windows 10,2.2kg,35111.52
,325,Lenovo,Notebook,14,1366x768,Intel Celeron Dual Core N3350 1.1GHz,4GB,32GB Flash Storage,Intel HD Graphics 500,Windows 10,1.44kg,15557.76
,326,Acer,Notebook,15.6,1366x768,Intel Core i5 7200U 2.5GHz,6GB,1TB HDD,Intel HD Graphics 620,Windows 10,2.23kg,29250.72
,327,Asus,Ultrabook,15.6,Full HD 1920x1080,Intel Core i7 7500U 2.7GHz,8GB,256GB SSD,Nvidia GeForce 940MX,Windows 10,1.7kg,55938.672
,328,HP,Ultrabook,12.5,Full HD 1920x1080,Intel Core i7 7500U 2.7GHz,8GB,256GB SSD,Intel HD Graphics 620,Windows 10,1.26kg,71128.8
,329,Dell,Notebook,15.6,4K Ultra HD / Touchscreen 3840x2160,Intel Core i7 7700HQ 2.8GHz,32GB,1TB SSD,Nvidia GeForce GTX 1050,Windows 10,2.06kg,140605.92
,330,MSI,Gaming,17.3,Full HD 1920x1080,Intel Core i7 7700HQ 2.8GHz,8GB,256GB SSD + 1TB HDD,Nvidia GeForce GTX 1050 Ti,Windows 10,2.7kg,63882.72
,331,Toshiba,Notebook,15.6,IPS Panel Full HD 1920x1080,Intel Core i5 7200U 2.5GHz,8GB,256GB SSD,Intel HD Graphics 620,Windows 10,2.0kg,50243.04
,332,Asus,Notebook,14,Full HD 1920x1080,Intel Core i7 7500U 2.7GHz,8GB,256GB SSD + 1TB HDD,Intel HD Graphics 620,Windows 10,2kg,71075.52
,333,Lenovo,Notebook,15.6,Full HD 1920x1080,Intel Core i3 6006U 2GHz,4GB,1TB HDD,Intel HD Graphics 520,Windows 10,1.85kg,23922.72
,334,Asus,Gaming,15.6,Full HD 1920x1080,Intel Core i7 7700HQ 2.8GHz,8GB,256GB SSD,Nvidia GeForce GTX 1050,Windows 10,2.5kg,53226.72
,335,HP,Notebook,14,Full HD 1920x1080,Intel Core i5 7300U 2.6GHz,8GB,256GB SSD,Intel HD Graphics 620,Windows 10,1.48kg,67559.04
,336,Dell,Ultrabook,15.6,IPS Panel Full HD 1920x1080,Intel Core i5 8250U 1.6GHz,8GB,128GB SSD + 1TB HDD,Nvidia GeForce 940MX,Windows 10,1.9kg,55890.72
,337,HP,Notebook,15.6,Full HD 1920x1080,Intel Core i5 7200U 2.5GHz,8GB,256GB SSD,Intel HD Graphics 620,Windows 10,1.84kg,60952.32
,338,Asus,Notebook,15.6,1366x768,Intel Celeron Dual Core N3350 1.1GHz,4GB,1TB HDD,Intel HD Graphics 500,Linux,2kg,14651.4672
,339,Dell,Notebook,15.6,Full HD 1920x1080,Intel Core i5 8250U 1.6GHz,8GB,256GB SSD,Nvidia GeForce 940MX,Windows 10,2kg,60885.72
,340,Dell,Notebook,15.6,1366x768,Intel Celeron Dual Core N3060 1.6GHz,4GB,500GB HDD,Intel HD Graphics,Linux,2.2kg,14646.672
,341,Lenovo,Notebook,15.6,Full HD 1920x1080,AMD A12-Series 9720P 3.6GHz,12GB,2TB HDD,AMD Radeon 530,Windows 10,2.2kg,47898.72
,342,HP,Notebook,15.6,IPS Panel Full HD 1920x1080,Intel Core i3 7100U 2.4GHz,8GB,1TB HDD,Nvidia GeForce 930MX,Windows 10,2.1kg,38148.48
,343,Lenovo,2 in 1 Convertible,13.9,IPS Panel 4K Ultra HD / Touchscreen 3840x2160,Intel Core i7 8550U 1.8GHz,16GB,512GB SSD,Intel UHD Graphics 620,Windows 10,1.4kg,111834.72
,344,Dell,Ultrabook,13.3,Full HD 1920x1080,Intel Core i7 8550U 1.8GHz,8GB,256GB SSD,Intel UHD Graphics 620,Windows 10,1.2kg,84129.12
,345,Lenovo,Gaming,15.6,IPS Panel Full HD 1920x1080,Intel Core i7 7700HQ 2.8GHz,16GB,256GB SSD + 2TB HDD,Nvidia GeForce GTX 1050 Ti,Windows 10,2.4kg,60153.12
,346,HP,Notebook,14,1366x768,Intel Celeron Dual Core N3060 1.6GHz,2GB,32GB Flash Storage,Intel HD Graphics 400,Windows 10,1.44kg,14865.12
,347,Dell,Ultrabook,15.6,Full HD 1920x1080,Intel Core i7 8650U 1.9GHz,16GB,512GB SSD + 256GB SSD,Intel UHD Graphics 620,Windows 10,1.88kg,85672.1088
,348,Asus,2 in 1 Convertible,11.6,Touchscreen 1366x768,Intel Celeron Dual Core N3350 1.1GHz,4GB,32GB Flash Storage,Intel HD Graphics 500,Windows 10,1.5kg,19980
,349,Dell,Ultrabook,15.6,Full HD 1920x1080,Intel Core i5 8250U 1.6GHz,8GB,1TB HDD,AMD Radeon 530,Windows 10,1.9kg,35324.64
,350,Dell,Notebook,15.6,4K Ultra HD / Touchscreen 3840x2160,Intel Core i7 7700HQ 2.8GHz,16GB,512GB SSD,Nvidia GeForce GTX 1050,Windows 10,2.06kg,108020.9376
,351,HP,Notebook,15.6,Full HD 1920x1080,Intel Core i7 7500U 2.7GHz,8GB,256GB SSD,Intel HD Graphics 620,Windows 10,1.84kg,69477.12
,352,MSI,Gaming,17.3,Full HD 1920x1080,Intel Core i7 7700HQ 2.8GHz,8GB,128GB SSD + 1TB HDD,Nvidia GeForce GTX 1060,Windows 10,2.7kg,75071.52
,353,HP,Workstation,15.6,Full HD 1920x1080,Intel Core i7 7700HQ 2.8GHz,8GB,256GB SSD,Nvidia Quadro M1200,Windows 10,2.6kg,92615.0256
,354,Toshiba,Notebook,15.6,IPS Panel Full HD 1920x1080,Intel Core i7 6500U 2.5GHz,16GB,512GB SSD,Nvidia GeForce 930M,Windows 10,2.4kg,74751.84
,355,Dell,Notebook,15.6,Full HD 1920x1080,Intel Core i7 8550U 1.8GHz,8GB,128GB SSD + 2TB HDD,AMD Radeon 530,Windows 10,2.02kg,51729.552
,356,Lenovo,Notebook,15.6,1366x768,Intel Celeron Dual Core N3350 1.1GHz,4GB,1TB HDD,Intel HD Graphics 500,No OS,2.2kg,17155.6272
,357,Dell,Gaming,15.6,Full HD 1920x1080,Intel Core i5 7300HQ 2.5GHz,8GB,1TB HDD,Nvidia GeForce GTX 1050,Windows 10,2.65kg,53226.72
,358,Dell,Notebook,15.6,Touchscreen 1366x768,Intel Core i5 7200U 2.5GHz,8GB,2TB HDD,Intel HD Graphics 620,Windows 10,2.36kg,29696.6736
,359,Dell,Notebook,14,Full HD 1920x1080,Intel Core i5 7300U 2.6GHz,8GB,256GB SSD,Intel HD Graphics 620,Windows 10,1.36kg,76030.56
,360,HP,Notebook,15.6,1366x768,Intel Core i3 6006U 2GHz,4GB,500GB HDD,Intel HD Graphics 520,Windows 10,1.86kg,23389.92
,361,Asus,Notebook,14,Full HD 1920x1080,Intel Core i5 7200U 2.5GHz,8GB,256GB SSD,Intel HD Graphics 620,Windows 10,2kg,50349.6
,362,Lenovo,Notebook,17.3,1600x900,Intel Core i5 7200U 2.5GHz,6GB,128GB SSD + 1TB HDD,Nvidia GeForce GTX 940MX,Windows 10,2.8kg,38308.32
,363,HP,Notebook,15.6,Full HD 1920x1080,Intel Core i5 7200U 2.5GHz,8GB,1TB HDD,Intel HD Graphics 620,Windows 10,1.86kg,34045.92
,364,Lenovo,Notebook,15.6,1366x768,Intel Core i3 6006U 2GHz,8GB,256GB SSD,Nvidia GeForce 920MX,No OS,2.2kg,26586.72
,365,HP,Notebook,15.6,1366x768,Intel Pentium Quad Core N3710 1.6GHz,8GB,2TB HDD,Intel HD Graphics 405,Windows 10,2.04kg,20725.92
,366,Dell,Notebook,17.3,Full HD 1920x1080,Intel Core i5 8250U 1.6GHz,8GB,128GB SSD + 1TB HDD,AMD Radeon 530,Windows 10,2.8kg,57808.8
,367,Lenovo,Gaming,15.6,IPS Panel Full HD 1920x1080,Intel Core i5 7300HQ 2.5GHz,8GB,128GB SSD + 1TB HDD,Nvidia GeForce GTX 1050,No OS,2.4kg,43103.52
,368,Dell,Notebook,15.6,Full HD 1920x1080,Intel Core i7 7500U 2.7GHz,8GB,256GB SSD,AMD Radeon R7 M445,Windows 10,2.33kg,47898.72
,369,HP,Ultrabook,14,IPS Panel Full HD 1920x1080,Intel Core i7 7500U 2.7GHz,8GB,256GB SSD,Intel HD Graphics 620,Windows 10,1.36kg,93240
,370,Asus,2 in 1 Convertible,15.6,Full HD / Touchscreen 1920x1080,Intel Core i7 7500U 2.7GHz,12GB,512GB SSD + 2TB HDD,Nvidia GeForce GT 940MX,Windows 10,2.26kg,58554.72
,371,Acer,Notebook,15.6,1366x768,AMD A9-Series 9420 3GHz,4GB,128GB SSD,AMD Radeon R5,Windows 10,2.1kg,22697.28
,372,Asus,Gaming,17.3,IPS Panel Full HD 1920x1080,AMD Ryzen 1700 3GHz,16GB,256GB SSD + 1TB HDD,AMD Radeon RX 580,Windows 10,3.25kg,117162.72
,373,Lenovo,Notebook,17.3,1600x900,AMD A8-Series 7410 2.2GHz,4GB,128GB SSD,AMD Radeon R5,Windows 10,2.6kg,26053.92
,374,Dell,2 in 1 Convertible,13.3,Full HD / Touchscreen 1920x1080,Intel Core i7 8550U 1.8GHz,8GB,256GB SSD,Intel UHD Graphics 620,Windows 10,1.62kg,46300.8528
,375,HP,Notebook,15.6,Full HD 1920x1080,AMD A9-Series 9420 3GHz,4GB,256GB SSD,AMD Radeon R5,Windows 10,1.91kg,26053.3872
,376,Lenovo,Netbook,11.6,IPS Panel 1366x768,Intel Celeron Quad Core N3450 1.1GHz,4GB,128GB SSD,Intel HD Graphics 500,Windows 10,1.59kg,29463.84
,377,Dell,Notebook,15.6,1366x768,Intel Celeron Dual Core N3060 1.60GHz,4GB,500GB HDD,Intel HD Graphics 400,Windows 10,1.8kg,16463.52
,378,Asus,Notebook,14,1366x768,Intel Celeron Dual Core N3350 1.1GHz,4GB,32GB Flash Storage,Intel HD Graphics 500,Windows 10,1.5kg,15238.08
,379,Acer,Notebook,15.6,Full HD 1920x1080,Intel Core i7 7700HQ 2.8GHz,8GB,1TB HDD,Nvidia GeForce GTX 1050,Linux,2.4kg,45074.88
,380,HP,Gaming,17.3,IPS Panel Full HD 1920x1080,Intel Core i7 7700HQ 2.8GHz,8GB,128GB SSD + 1TB HDD,Nvidia GeForce GTX 1050,Windows 10,3.35kg,63456.48
,381,Lenovo,Notebook,15.6,Full HD 1920x1080,Intel Core i3 6006U 2GHz,4GB,128GB SSD,Intel HD Graphics 520,No OS,1.85kg,21498.48
,382,Asus,Gaming,15.6,IPS Panel Full HD 1920x1080,Intel Core i7 7700HQ 2.8GHz,8GB,128GB SSD + 1TB HDD,Nvidia GeForce GTX 1060,Windows 10,2.3kg,88178.4
,383,Lenovo,Notebook,14,IPS Panel Full HD 1920x1080,Intel Core i5 7200U 2.5GHz,8GB,256GB SSD,Nvidia GeForce 940MX,Windows 10,1.5kg,58554.72
,384,Asus,Ultrabook,13.3,Full HD / Touchscreen 1920x1080,Intel Core i7 7500U 2.7GHz,16GB,512GB SSD,Intel HD Graphics 620,Windows 10,1.1kg,93181.392
,385,Lenovo,Ultrabook,14,IPS Panel 2560x1440,Intel Core i7 7500U 2.7GHz,8GB,512GB SSD,Intel HD Graphics 620,Windows 10,1.13kg,121584.96
,386,Lenovo,Notebook,13.3,IPS Panel Full HD 1920x1080,Intel Core i3 7100U 2.4GHz,4GB,128GB SSD,Intel HD Graphics 620,Windows 10,1.5kg,29250.72
,387,Dell,Workstation,15.6,Full HD 1920x1080,Intel Core i5 6440HQ 2.6GHz,8GB,500GB HDD,AMD FirePro W5130M,Windows 10,2.23kg,72940.32
,388,Dell,Workstation,15.6,IPS Panel Full HD 1920x1080,Intel Core i7 6820HQ 2.7GHz,8GB,256GB SSD,Nvidia Quadro M1200,Windows 10,2kg,113752.8
,389,Lenovo,2 in 1 Convertible,14,Touchscreen 2560x1440,Intel Core i7 7500U 2.7GHz,16GB,512GB SSD,Intel HD Graphics 620,Windows 10,1.42kg,133679.52
,390,Asus,Gaming,17.3,Full HD 1920x1080,Intel Core i7 7700HQ 2.8GHz,8GB,1TB HDD,Nvidia GeForce GTX 1050,Windows 10,3kg,55357.92
,391,Asus,Gaming,17.3,Full HD 1920x1080,Intel Core i7 7700HQ 2.8GHz,16GB,256GB SSD + 1TB HDD,Nvidia GeForce GTX 1050 Ti,Windows 10,3kg,84768.48
,392,Acer,Notebook,15.6,IPS Panel 1366x768,Intel Core i5 8250U 1.6GHz,12GB,1TB HDD,Nvidia GeForce MX130,Windows 10,2.2kg,36975.7872
,393,MSI,Gaming,17.3,Full HD 1920x1080,Intel Core i7 7700HQ 2.8GHz,8GB,256GB SSD,Nvidia GeForce GTX 1050 Ti,Windows 10,2.7kg,71874.72
,394,Dell,Notebook,15.6,Full HD 1920x1080,Intel Core i7 7500U 2.7GHz,8GB,256GB SSD,AMD Radeon R7 M445,Linux,2.33kg,41498.1936
,395,HP,Ultrabook,15.6,Full HD 1920x1080,AMD A9-Series 9420 3GHz,4GB,256GB SSD,AMD Radeon 520,Windows 10,1.91kg,26586.72
,396,Lenovo,Notebook,15.6,IPS Panel Full HD 1920x1080,Intel Core i7 8550U 1.8GHz,8GB,256GB SSD,AMD Radeon RX 550,Windows 10,2.1kg,65510.9568
,397,Lenovo,Notebook,14,IPS Panel Full HD 1920x1080,Intel Core i5 7200U 2.5GHz,8GB,256GB SSD,Intel HD Graphics 620,Windows 10,1.9kg,49976.64
,398,Dell,Workstation,15.6,4K Ultra HD / Touchscreen 3840x2160,Intel Core i7 7700HQ 2.8GHz,8GB,256GB SSD,Nvidia Quadro M1200,Windows 10,1.78kg,144495.36
,399,Lenovo,Ultrabook,14,IPS Panel 2560x1440,Intel Core i7 7500U 2.7GHz,16GB,1TB SSD,Intel HD Graphics 620,Windows 10,1.13kg,139860
,400,Lenovo,Notebook,15.6,1366x768,Intel Celeron Dual Core N3350 1.1GHz,4GB,1TB HDD,Intel HD Graphics 500,Windows 10,2.2kg,16303.68
,401,Asus,Gaming,17.3,Full HD 1920x1080,Intel Core i7 7700HQ 2.8GHz,16GB,256GB SSD + 1TB HDD,Nvidia GeForce GTX 1050,Windows 10,2.9kg,81465.12
,402,Lenovo,Notebook,15.6,IPS Panel Full HD 1920x1080,Intel Core i5 8250U 1.6GHz,8GB,256GB SSD + 1TB HDD,AMD Radeon RX 550,Windows 10,2.1kg,60978.96
,403,Acer,Notebook,15.6,Full HD 1920x1080,Intel Core i7 7700HQ 2.8GHz,8GB,256GB SSD,Nvidia GeForce GTX 1050,Linux,2.5kg,46833.12
,404,MSI,Gaming,17.3,Full HD 1920x1080,Intel Core i7 7700HQ 2.8GHz,16GB,256GB SSD + 1TB HDD,Nvidia GeForce GTX 1070,Windows 10,2.8kg,119826.72
,405,Asus,Ultrabook,14,Full HD 1920x1080,Intel Core i7 7500U 2.7GHz,8GB,512GB SSD,Intel HD Graphics 620,Windows 10,1.10kg,99793.44
,406,Toshiba,Ultrabook,13.3,Full HD 1920x1080,Intel Core i7 6500U 2.5GHz,16GB,512GB SSD,Intel HD Graphics 520,Windows 10,1.2kg,93080.16
,407,Dell,Ultrabook,14,Full HD 1920x1080,Intel Core i7 7600U 2.8GHz,8GB,512GB SSD,Intel HD Graphics,Windows 10,1.36kg,89510.4
,408,Lenovo,Notebook,15.6,Full HD 1920x1080,Intel Core i3 6006U 2GHz,4GB,500GB HDD,Intel HD Graphics 520,Windows 10,2.2kg,21791.52
,409,Lenovo,Notebook,11.6,1366x768,Intel Celeron Dual Core N3350 1.1GHz,2GB,32GB Flash Storage,Intel HD Graphics 500,Windows 10,1.15kg,16221.096
,410,Lenovo,Workstation,15.6,Full HD 1920x1080,Intel Core i7 7700HQ 2.8GHz,8GB,512GB SSD,Nvidia Quadro M1200,Windows 10,2.67kg,102564
,411,Lenovo,Ultrabook,14,IPS Panel Full HD 2560x1440,Intel Core i7 7700HQ 2.8GHz,8GB,512GB SSD,Nvidia GeForce GT 940MX,Windows 10,1.7kg,103523.04
,412,HP,Notebook,15.6,Full HD 1920x1080,Intel Core i3 6006U 2GHz,4GB,1TB HDD,AMD Radeon 520,Windows 10,2.1kg,24988.32
,413,Acer,2 in 1 Convertible,13.3,IPS Panel Full HD / Touchscreen 1920x1080,Intel Core i7 6500U 2.5GHz,8GB,256GB SSD,Intel HD Graphics 520,Windows 10,1.6kg,42038.4528
,414,Asus,2 in 1 Convertible,13.3,IPS Panel Full HD / Touchscreen 1920x1080,Intel Core i5 7200U 2.5GHz,8GB,256GB SSD,Intel HD Graphics 620,Windows 10,1.27kg,49443.84
,415,Dell,Notebook,15.6,Full HD 1920x1080,Intel Core i5 7200U 2.5GHz,4GB,256GB SSD,AMD Radeon R5 M430,Linux,2.3kg,31909.392
,416,Dell,Notebook,13.3,1366x768,Intel Core i3 6006U 2GHz,4GB,128GB SSD,Intel HD Graphics 520,Windows 10,1.65kg,36709.92
,417,HP,Ultrabook,14,Full HD 1920x1080,Intel Core i7 6500U 2.5GHz,8GB,256GB SSD,Intel HD Graphics 520,Windows 10,1.43kg,79920
,418,Dell,Notebook,15.6,1366x768,Intel Core i5 7200U 2.5GHz,8GB,1TB HDD,Intel HD Graphics 620,Windows 10,2.14kg,28768.536
,419,Lenovo,Ultrabook,14,IPS Panel Full HD 1920x1080,Intel Core i7 8550U 1.8GHz,8GB,256GB SSD,AMD Radeon RX 550,Windows 10,1.75kg,64755.4464
,420,Lenovo,2 in 1 Convertible,15.6,IPS Panel 4K Ultra HD / Touchscreen 3840x2160,Intel Core i7 7700HQ 2.8GHz,16GB,512GB SSD,Nvidia GeForce GTX 1050,Windows 10,2kg,101178.72
,421,Chuwi,Notebook,12.3,IPS Panel Retina Display 2736x1824,Intel Celeron Quad Core N3450 1.1GHz,6GB,64GB Flash Storage,Intel HD Graphics 500,Windows 10,1.4kg,23922.72
,422,HP,Notebook,15.6,Full HD 1920x1080,Intel Core i7 7820HQ 2.9GHz,8GB,256GB SSD,Intel HD Graphics 630,Windows 10,2.31kg,76030.56
,423,Asus,Notebook,15.6,Full HD 1920x1080,Intel Core i3 7100U 2.4GHz,8GB,1TB HDD,Nvidia GeForce 940MX,Linux,2.3kg,31808.16
,424,Dell,Gaming,17.3,IPS Panel 2560x1440,Intel Core i7 7820HK 2.9GHz,16GB,256GB SSD + 1TB HDD,Nvidia GeForce GTX 1070,Windows 10,4.42kg,149130.72
,425,Dell,Gaming,15.6,IPS Panel Full HD 1920x1080,Intel Core i7 7700HQ 2.8GHz,8GB,128GB SSD + 1TB HDD,Nvidia GeForce GTX 1050 Ti,Windows 10,2.62kg,61751.52
,426,Dell,Notebook,15.6,Full HD 1920x1080,Intel Core i7 8550U 1.8GHz,8GB,256GB SSD + 2TB HDD,AMD Radeon 530,Windows 10,2.02kg,60867.072
,427,Dell,Ultrabook,14,Full HD 1920x1080,Intel Core i7 7600U 2.8GHz,8GB,256GB SSD,Intel HD Graphics 620,Linux,1.6kg,58554.72
,428,HP,Gaming,17.3,Full HD 1920x1080,Intel Core i7 7700HQ 2.8GHz,12GB,256GB SSD + 1TB HDD,Nvidia GeForce GTX 1070,Windows 10,3.35kg,106506.72
,429,Mediacom,2 in 1 Convertible,11.6,IPS Panel Full HD / Touchscreen 1920x1080,Intel Celeron Dual Core N3350 1.1GHz,4GB,32GB SSD,Intel HD Graphics 500,Windows 10,1.16kg,15930.72
,430,Samsung,Netbook,11.6,1366x768,Intel Celeron Dual Core N3060 1.6GHz,4GB,16GB Flash Storage,Intel HD Graphics 400,Chrome OS,1.15kg,14332.32
,431,Lenovo,Notebook,13.3,IPS Panel Full HD 1920x1080,Intel Core i7 7500U 2.7GHz,8GB,256GB SSD,Intel HD Graphics 620,Windows 10,1.4kg,53812.8
,432,Lenovo,Notebook,14,IPS Panel Full HD 1920x1080,Intel Core i3 7130U 2.7GHz,4GB,128GB SSD,Intel HD Graphics 620,Windows 10,1.7kg,31914.72
,433,Lenovo,Workstation,15.6,IPS Panel 4K Ultra HD 3840x2160,Intel Core i7 7600U 2.8GHz,16GB,512GB SSD,Nvidia GeForce 940MX,Windows 10,2.3kg,130269.6
,434,Lenovo,Notebook,15.6,Full HD 1920x1080,Intel Core i7 7820HQ 2.9GHz,16GB,512GB SSD,Nvidia Quadro M2200M,Windows 10,2.5kg,130482.72
,435,Asus,Gaming,17.3,Full HD 1920x1080,AMD Ryzen 1600 3.2GHz,8GB,256GB SSD + 1TB HDD,AMD Radeon RX 580,Windows 10,3.2kg,90309.6
,436,HP,Notebook,15.6,1366x768,Intel Celeron Dual Core N3060 1.6GHz,4GB,500GB HDD,Intel HD Graphics 400,Windows 10,2.1kg,18488.16
,437,Google,Ultrabook,12.3,Touchscreen 2400x1600,Intel Core i7 7Y75 1.3GHz,16GB,512GB SSD,Intel HD Graphics 615,Chrome OS,1.1kg,117162.72
,438,Lenovo,Ultrabook,14,2560x1440,Intel Core i7 7500U 2.7GHz,24GB,512GB SSD,Intel HD Graphics 620,Windows 10,1.32kg,126912.96
,439,Asus,Notebook,15.6,Full HD 1920x1080,Intel Core i5 7200U 2.5GHz,4GB,256GB SSD,Intel HD Graphics 620,Linux,2kg,29783.52
,440,Lenovo,Notebook,17.3,1600x900,AMD A6-Series 9220 2.5GHz,8GB,1TB HDD,AMD Radeon R4,Windows 10,2.8kg,27652.32
,441,Dell,Notebook,15.6,Full HD 1920x1080,Intel Core i5 8250U 1.6GHz,4GB,256GB SSD,AMD Radeon 530,Windows 10,2.2kg,39906.72
,442,Lenovo,Ultrabook,12.5,IPS Panel Full HD 1920x1080,Intel Core i5 7200U 2.5GHz,8GB,256GB SSD,Intel HD Graphics 620,Windows 10,1.36kg,76137.12
,443,Lenovo,Notebook,15.6,Full HD 1920x1080,Intel Pentium Quad Core N4200 1.1GHz,4GB,128GB SSD,Intel HD Graphics 505,Windows 10,2.2kg,18594.72
,444,HP,Gaming,15.6,IPS Panel Full HD 1920x1080,Intel Core i7 7700HQ 2.8GHz,8GB,128GB SSD + 1TB HDD,Nvidia GeForce GTX 1050,Windows 10,2.2kg,58554.72
,445,Dell,Notebook,14,Full HD 1920x1080,Intel Core i5 7440HQ 2.8GHz,8GB,256GB SSD,Nvidia GeForce 930MX,Windows 10,1.64kg,62817.12
,446,Acer,Notebook,15.6,1366x768,Intel Core i5 7200U 2.5GHz,4GB,500GB HDD,Intel HD Graphics 620,Linux,2.4kg,23539.104
,447,Dell,Workstation,15.6,Full HD 1920x1080,Intel Xeon E3-1505M V6 3GHz,8GB,64GB Flash Storage + 1TB HDD,Nvidia Quadro M620,Windows 10,2.23kg,106187.04
,448,MSI,Gaming,15.6,Full HD 1920x1080,Intel Core i5 7300HQ 2.5GHz,8GB,256GB SSD,Nvidia GeForce GTX 1050,Windows 10,2.2kg,54757.9872
,449,Microsoft,Ultrabook,13.5,Touchscreen 2256x1504,Intel Core i7 7660U 2.5GHz,16GB,512GB SSD,Intel Iris Plus Graphics 640,Windows 10 S,1.25kg,137941.92
,450,HP,Notebook,15.6,1366x768,Intel Core i5 7200U 2.5GHz,8GB,128GB SSD,Intel HD Graphics 620,Windows 10,1.91kg,31381.92
,451,Dell,Workstation,15.6,IPS Panel Full HD 1920x1080,Intel Core i7 6820HQ 2.7GHz,16GB,256GB SSD,Nvidia Quadro M620,Windows 10,2.17kg,105228
,452,HP,Workstation,15.6,IPS Panel Full HD 1920x1080,Intel Core i7 7820HQ 2.9GHz,8GB,512GB SSD,Intel HD Graphics 620,Windows 10,2.31kg,81731.52
,453,Lenovo,Notebook,14,Full HD 1920x1080,Intel Core i5 7200U 2.5GHz,8GB,256GB SSD,Intel HD Graphics 620,Windows 10,1.65kg,71661.6
,454,Dell,Notebook,15.6,Full HD 1920x1080,Intel Core i7 8550U 1.8GHz,8GB,128GB SSD + 1TB HDD,AMD Radeon 530,Windows 10,2.36kg,52161.12
,455,Dell,2 in 1 Convertible,11.6,Touchscreen 1366x768,Intel Pentium Quad Core N3710 1.6GHz,4GB,500GB HDD,Intel HD Graphics 405,Windows 10,1.47kg,25521.12
,456,Dell,Notebook,17.3,IPS Panel Full HD 1920x1080,Intel Core i7 7700HQ 2.7GHz,8GB,1TB HDD,Nvidia GeForce GTX 1060,Windows 10,4.42kg,109010.88
,457,Microsoft,Ultrabook,13.5,Touchscreen 2256x1504,Intel Core M m3-7Y30 2.2GHz,4GB,128GB SSD,Intel HD Graphics 615,Windows 10 S,1.252kg,52693.92
,458,Microsoft,Ultrabook,13.5,Touchscreen 2256x1504,Intel Core i7 7660U 2.5GHz,8GB,256GB SSD,Intel Iris Plus Graphics 640,Windows 10 S,1.25kg,95850.72
,459,HP,Notebook,17.3,1600x900,Intel Core i3 6006U 2GHz,8GB,256GB SSD,Intel HD Graphics 520,Windows 10,2.5kg,34093.872
,460,Acer,Notebook,15.6,Full HD 1920x1080,Intel Core i3 6006U 2GHz,4GB,1TB HDD,Nvidia GeForce 940MX,Windows 10,2.23kg,28984.32
,461,Acer,Netbook,11.6,1366x768,Intel Celeron Dual Core N3060 1.6GHz,4GB,128GB SSD,Intel HD Graphics 400,Windows 10,1.4kg,23176.8
,462,Asus,Notebook,15.6,Full HD 1920x1080,Intel Core i5 7200U 2.5GHz,8GB,1TB HDD,Intel HD Graphics 620,Windows 10,2.37kg,39906.72
,463,Lenovo,Notebook,14,IPS Panel Full HD 1920x1080,Intel Core i7 7500U 2.7GHz,8GB,512GB SSD,AMD Radeon R7 M460,No OS,1.5kg,42570.72
,464,Lenovo,Notebook,15.6,Full HD 1920x1080,Intel Core i7 7820HQ 2.9GHz,8GB,256GB SSD,Nvidia Quadro M2200M,Windows 10,2.67kg,111355.2
,465,Asus,Notebook,15.6,1366x768,Intel Pentium Quad Core N4200 1.1GHz,4GB,500GB HDD,Intel HD Graphics 500,Windows 10,2kg,16197.12
,466,Acer,Notebook,15.6,1366x768,Intel Core i3 6006U 2GHz,4GB,500GB HDD,Nvidia GeForce GTX 940MX,Windows 10,2.2kg,24988.32
,467,Dell,Notebook,15.6,Full HD 1920x1080,Intel Core i5 8250U 1.6GHz,8GB,2TB HDD,AMD Radeon 530,Windows 10,2.02kg,40439.52
,468,HP,Gaming,17.3,IPS Panel Full HD 1920x1080,Intel Core i7 7700HQ 2.8GHz,12GB,1TB HDD,Nvidia GeForce GTX 1060,Windows 10,3.78kg,90522.72
,469,Lenovo,Ultrabook,14,IPS Panel Quad HD+ 2560x1440,Intel Core i7 6600U 2.6GHz,12GB,256GB SSD,Intel HD Graphics 520,Windows 10,1.4kg,98994.24
,470,HP,2 in 1 Convertible,13.3,IPS Panel 4K Ultra HD / Touchscreen 3840x2160,Intel Core i7 8550U 1.8GHz,8GB,512GB SSD,Intel UHD Graphics 620,Windows 10,1.29kg,106506.72
,471,HP,Notebook,15.6,Full HD 1920x1080,Intel Core i5 7200U 2.5GHz,8GB,500GB HDD,AMD FirePro W4190M,Windows 10,1.9kg,61485.12
,472,Google,Ultrabook,12.3,Touchscreen 2400x1600,Intel Core i5 7Y57 1.2GHz,8GB,128GB SSD,Intel HD Graphics 615,Chrome OS,1.1kg,67932
,473,Dell,Ultrabook,13.3,Full HD / Touchscreen 1920x1080,Intel Core i5 8250U 1.6GHz,8GB,256GB SSD,Intel UHD Graphics 620,Windows 10,1.42kg,98133.768
,474,Asus,Notebook,15.6,IPS Panel 4K Ultra HD 3840x2160,Intel Core i7 6700HQ 2.6GHz,12GB,128GB SSD + 1TB HDD,Intel HD Graphics 530,Windows 10,2.06kg,69210.72
,475,Dell,Notebook,14,1366x768,Intel Core i3 6100U 2.3GHz,8GB,128GB SSD,Intel HD Graphics 520,Windows 10,1.79kg,39427.2
,476,Dell,Workstation,15.6,Full HD 1920x1080,Intel Core i7 7700HQ 2.8GHz,8GB,256GB SSD,Nvidia Quadro M1200,Windows 10,1.78kg,128298.24
,477,Lenovo,Notebook,14,Full HD 1920x1080,Intel Core i5 7200U 2.5GHz,8GB,180GB SSD,Intel HD Graphics 620,Windows 10,1.7kg,72673.92
,478,Dell,Notebook,15.6,Full HD 1920x1080,Intel Core i5 8250U 1.6GHz,8GB,1TB HDD,AMD Radeon 520,Windows 10,2.2kg,35964
,479,Toshiba,Notebook,13.3,IPS Panel Full HD 1920x1080,Intel Core i5 7200U 2.5GHz,8GB,256GB SSD,Intel HD Graphics 620,Windows 10,1.05kg,89084.16
,480,Dell,Notebook,15.6,IPS Panel Full HD 1920x1080,Intel Core i7 8550U 1.8GHz,8GB,512GB SSD,Nvidia GeForce 940MX,Windows 10,2.16kg,67239.36
,481,Dell,Notebook,15.6,1366x768,Intel Core i3 7100U 2.4GHz,4GB,1TB HDD,Intel HD Graphics 620,Windows 10,2.18kg,31254.048
,482,HP,Notebook,13.3,IPS Panel Full HD 1920x1080,Intel Core i5 8250U 1.6GHz,4GB,128GB SSD,Intel UHD Graphics 620,Windows 10,1.49kg,38681.28
,483,Chuwi,Notebook,15.6,Full HD 1920x1080,Intel Atom x5-Z8350 1.44GHz,4GB,64GB Flash Storage,Intel HD Graphics,Windows 10,1.89kg,13261.392
,484,Lenovo,Notebook,15.6,1366x768,Intel Core i3 6006U 2.0GHz,4GB,128GB SSD,Intel HD Graphics 520,Windows 10,2.3kg,30103.2
,485,Lenovo,Notebook,14,IPS Panel Full HD 1920x1080,Intel Core i5 8250U 1.6GHz,8GB,256GB SSD,Intel UHD Graphics 620,Windows 10,1.75kg,55890.72
,486,Dell,Workstation,15.6,IPS Panel Full HD 1920x1080,Intel Core i7 6820HQ 2.7GHz,16GB,512GB SSD,Nvidia Quadro M620,Windows 10,2.17kg,124568.64
,487,Dell,Notebook,15.6,Full HD 1920x1080,Intel Core i7 7700HQ 2.8GHz,16GB,512GB SSD,Nvidia GeForce GTX 1050,Windows 10,2.06kg,101178.72
,488,Lenovo,Ultrabook,12.5,IPS Panel Full HD 1920x1080,Intel Core i7 7500U 2.7GHz,16GB,512GB SSD,Intel HD Graphics 620,Windows 10,1.36kg,95797.44
,489,Asus,Ultrabook,12.5,Full HD 1920x1080,Intel Core i7 7500U 2.7GHz,16GB,512GB SSD,Intel HD Graphics 620,Windows 10,0.91kg,103896
,490,Lenovo,Notebook,15.6,IPS Panel Full HD 1920x1080,Intel Core i5 7200U 2.5GHz,8GB,256GB SSD,Nvidia GeForce 940MX,Windows 10,2.3kg,53918.8272
,491,Toshiba,Ultrabook,13.3,Full HD / Touchscreen 1920x1080,Intel Core i7 7500U 2.7GHz,32GB,512GB SSD,Intel HD Graphics 620,Windows 10,1.05kg,149130.72
,492,Asus,Gaming,15.6,Full HD 1920x1080,Intel Core i7 7700HQ 2.8GHz,8GB,128GB SSD + 1TB HDD,Nvidia GeForce GTX 1050,Windows 10,1.99kg,71928
,493,Acer,Notebook,15.6,1366x768,AMD A10-Series 9620P 2.5GHz,8GB,1TB HDD,AMD Radeon RX 540,Windows 10,2.2kg,30849.12
,494,Asus,Gaming,17.3,IPS Panel Full HD / Touchscreen 1920x1080,Intel Core i7 6700HQ 2.6GHz,24GB,256GB SSD + 1TB HDD,Nvidia GeForce GTX 965M,Windows 10,4.33kg,67612.32
,495,Lenovo,Ultrabook,12.5,IPS Panel 1366x768,Intel Core i5 6200U 2.3GHz,8GB,180GB SSD,Intel HD Graphics 520,Windows 10,1.3kg,58554.72
,496,Lenovo,Notebook,15.6,Full HD 1920x1080,Intel Core i7 8550U 1.8GHz,8GB,256GB SSD,Intel UHD Graphics 620,Windows 10,2.17kg,47893.392
,497,HP,Notebook,14,Full HD 1920x1080,Intel Core i7 7600U 2.8GHz,8GB,1TB SSD,Intel HD Graphics 620,Windows 10,1.48kg,93186.72
,498,Lenovo,Notebook,13.3,IPS Panel Full HD 1920x1080,Intel Core i3 7100U 2.4GHz,8GB,256GB SSD,Intel HD Graphics 620,Windows 10,1.4kg,50562.72
